"last_name, first_name","player_id","year","b_ab","b_pa","b_hit","b_single","b_double","b_triple","b_home_run","b_strikeout","b_walk","b_k_percent","b_bb_percent","batting_avg","slg_percent","on_base_percent","on_base_plus_slg","isolated_power","babip","xba","xslg","xobp","xwoba","xiso","b_rbi","b_hit_by_pitch","exit_velocity_avg","launch_angle_avg","sweet_spot_percent","barrel_batted_rate"
"Brennan, Will",686823,2025,,,,,,,,,,,,".091",".091",".231","0.322","0.000",".100",".097",".151",".236",".199",".054","0","1","82.2","8.2",0,0
"Heineman, Tyler",623168,2025,,,,,,,,,,,,".289",".416",".361","0.777","0.127",".342",".215",".293",".298",".273",".079","20","6","84.4","19.1",31.2,3.2
"Meadows, Parker",678009,2025,,,,,,,,,,,,".215",".330",".291","0.621","0.115",".280",".225",".346",".303",".291",".122","16","0","86.9","12.5",36,5.2
"Beck, Jordan",687597,2025,,,,,,,,,,,,".258",".416",".317","0.733","0.158",".351",".231",".395",".293",".301",".164","53","4","87.4","12.8",36.9,9.6
"Clemens, Kody",665019,2025,,,,,,,,,,,,".213",".434",".281","0.715","0.221",".231",".243",".465",".309",".331",".223","52","5","91.5","16.7",35.9,12
"Short, Zack",670097,2025,,,,,,,,,,,,".220",".380",".291","0.671","0.160",".300",".175",".281",".250",".241",".105","7","1","86.2","20.9",18.2,3
"Meidroth, Chase",805367,2025,,,,,,,,,,,,".253",".320",".329","0.649","0.067",".291",".254",".333",".330",".300",".080","23","6","88.2","6.7",26.2,1.6
"Jones, Jahmai",663330,2025,,,,,,,,,,,,".287",".550",".387","0.937","0.263",".333",".291",".547",".390",".399",".257","23","3","91.5","20",38.1,13.4
"O'Hoppe, Logan",681351,2025,,,,,,,,,,,,".213",".371",".258","0.629","0.158",".267",".228",".425",".273",".301",".197","43","2","90.9","17.3",33.6,13.3
"Ruiz, Esteury",665923,2025,,,,,,,,,,,,".190",".333",".261","0.594","0.143",".250",".162",".330",".235",".249",".168","2","0","81.5","9",15.4,7.7
"Johnson, Bryce",669369,2025,,,,,,,,,,,,".342",".434",".383","0.817","0.092",".446",".298",".406",".342",".328",".107","8","2","88.4","9",45,5
"Sosa, Lenyn",672820,2025,,,,,,,,,,,,".264",".434",".293","0.727","0.170",".309",".263",".467",".293",".326",".204","75","4","90.7","18.4",39.2,10.4
"Canario, Alexander",672744,2025,,,,,,,,,,,,".218",".338",".274","0.612","0.120",".313",".219",".407",".275",".295",".188","20","0","87.4","10.5",35.8,12.4
"De La Cruz, Bryan",650559,2025,,,,,,,,,,,,".191",".213",".240","0.453","0.022",".310",".201",".308",".249",".245",".107","0","0","91.5","15.6",44.8,6.9
"Veen, Zac",691728,2025,,,,,,,,,,,,".118",".235",".189","0.424","0.117",".158",".123",".214",".194",".188",".091","2","1","90.2","18.3",30,5
"Davis, Henry",680779,2025,,,,,,,,,,,,".167",".278",".234","0.512","0.111",".203",".213",".389",".279",".293",".176","22","5","88.6","23.3",33,11.5
"Encarnacion-Strand, Christian",687952,2025,,,,,,,,,,,,".208",".377",".234","0.611","0.169",".223",".207",".408",".235",".275",".201","19","2","87.9","21",29,9
"Barnes, Austin",605131,2025,,,,,,,,,,,,".214",".286",".233","0.519","0.072",".321",".227",".303",".245",".240",".076","2","0","80.9","4.2",34.5,3.4
"Farmer, Kyle",571657,2025,,,,,,,,,,,,".227",".365",".280","0.645","0.138",".268",".228",".353",".284",".285",".126","31","4","87","15.3",37.6,6.2
"Campbell, Kristian",692225,2025,,,,,,,,,,,,".223",".345",".319","0.664","0.122",".296",".221",".338",".318",".296",".118","21","4","88.6","4.7",30.4,5.1
"Schwarber, Kyle",656941,2025,,,,,,,,,,,,".240",".563",".365","0.928","0.323",".253",".249",".581",".373",".401",".333","132","11","94.3","20.1",35.3,20.8
"Del Castillo, Adrian",680728,2025,,,,,,,,,,,,".242",".392",".290","0.682","0.150",".352",".206",".350",".260",".269",".145","17","1","89.9","19",38.7,6.7
"Ford, Harry",695670,2025,,,,,,,,,,,,".167",".167",".250","0.417","0.000",".250",".184",".426",".264",".280",".241","1","1","93.9","15.2",25,25
"Beavers, Dylan",687637,2025,,,,,,,,,,,,".227",".400",".375","0.775","0.173",".300",".213",".408",".364",".344",".195","14","0","88.8","21.2",37.3,9.3
"Nimmo, Brandon",607043,2025,,,,,,,,,,,,".262",".436",".324","0.760","0.174",".301",".252",".419",".317",".321",".167","92","7","91.9","11.2",29.7,8.8
"Stallings, Jacob",607732,2025,,,,,,,,,,,,".134",".168",".195","0.363","0.034",".203",".170",".234",".229",".211",".063","9","3","85","10.6",31.3,1.3
"Kavadas, Niko",694359,2025,,,,,,,,,,,,".100",".100",".217","0.317","0.000",".200",".140",".199",".252",".218",".059","0","0","85.4","25.2",30,0
"McCray, Grant",687529,2025,,,,,,,,,,,,".091",".182",".160","0.342","0.091",".167",".138",".307",".202",".220",".168","2","0","85.7","15.4",30.8,15.4
"Tovar, Ezequiel",678662,2025,,,,,,,,,,,,".253",".400",".294","0.694","0.147",".322",".261",".441",".302",".319",".180","33","1","89.4","16.4",43.7,9.3
"Domínguez, Jasson",691176,2025,,,,,,,,,,,,".257",".388",".331","0.719","0.131",".338",".237",".370",".316",".306",".133","47","3","90.6","13",28.9,7
"Crooks, Jimmy",699625,2025,,,,,,,,,,,,".133",".244",".152","0.396","0.111",".185",".185",".319",".203",".223",".134","1","1","89.6","19.7",17.9,7.1
"Kjerstad, Heston",677008,2025,,,,,,,,,,,,".192",".327",".240","0.567","0.135",".241",".231",".391",".276",".290",".160","19","4","88.8","12.7",40.2,8
"Bauers, Jake",641343,2025,,,,,,,,,,,,".235",".399",".353","0.752","0.164",".305",".234",".457",".354",".354",".223","28","2","91.7","16.6",36,13.7
"Urshela, Gio",570482,2025,,,,,,,,,,,,".238",".326",".287","0.613","0.088",".303",".251",".349",".300",".286",".098","20","0","86.9","10.6",41.7,2.1
"Wallner, Matt",670242,2025,,,,,,,,,,,,".202",".464",".311","0.775","0.262",".228",".202",".435",".312",".325",".232","40","8","91","21.1",33.9,13.9
"Solano, Donovan",456781,2025,,,,,,,,,,,,".247",".337",".291","0.628","0.090",".304",".223",".320",".268",".259",".098","21","3","87.4","12.7",35.9,3.9
"Soderstrom, Tyler",691016,2025,,,,,,,,,,,,".276",".474",".346","0.820","0.198",".327",".261",".457",".333",".341",".196","93","6","91.6","7.9",34.4,11.4
"Gorman, Nolan",669357,2025,,,,,,,,,,,,".205",".370",".296","0.666","0.165",".283",".196",".386",".290",".296",".190","46","0","89.6","22.3",39.3,9.2
"Stott, Bryson",681082,2025,,,,,,,,,,,,".257",".391",".328","0.719","0.134",".288",".247",".393",".320",".313",".146","66","1","87.6","14.9",36,5.1
"Thomas, Alek",677950,2025,,,,,,,,,,,,".249",".370",".289","0.659","0.121",".324",".242",".372",".285",".289",".130","38","5","89.6","4.2",27.7,7.8
"MacIver, Willie",680862,2025,,,,,,,,,,,,".186",".324",".252","0.576","0.138",".222",".200",".308",".264",".256",".108","9","2","88.8","10.2",28,4
"Wiemer, Joey",686894,2025,,,,,,,,,,,,".236",".436",".279","0.715","0.200",".323",".241",".458",".284",".305",".218","12","2","91.4","6.4",38.2,14.7
"Flores, Wilmer",527038,2025,,,,,,,,,,,,".241",".379",".307","0.686","0.138",".267",".225",".334",".294",".281",".109","71","7","85.9","18.8",35.6,4.8
"Caglianone, Jac",695506,2025,,,,,,,,,,,,".157",".295",".237","0.532","0.138",".172",".237",".431",".309",".321",".194","18","4","89.4","4.1",29.7,12
"Carter, Evan",694497,2025,,,,,,,,,,,,".247",".392",".336","0.728","0.145",".291",".241",".360",".331",".308",".119","25","7","86.7","13.7",34,5.9
"Baldwin, Brooks",681460,2025,,,,,,,,,,,,".240",".407",".290","0.697","0.167",".298",".235",".416",".288",".307",".181","38","1","90.4","14.8",36.8,10.9
"Kirk, Alejandro",672386,2025,,,,,,,,,,,,".282",".421",".348","0.769","0.139",".292",".278",".480",".348",".359",".203","76","1","91.1","11.9",34.4,10.1
"Chourio, Jackson",694192,2025,,,,,,,,,,,,".270",".463",".308","0.771","0.193",".308",".247",".426",".288",".307",".179","78","3","89.3","10.6",34,9.7
"Volpe, Anthony",683011,2025,,,,,,,,,,,,".212",".391",".272","0.663","0.179",".252",".223",".405",".284",".301",".182","72","4","89.3","12.4",34.6,10.5
"Bellinger, Cody",641355,2025,,,,,,,,,,,,".272",".480",".334","0.814","0.208",".274",".250",".425",".317",".323",".175","98","2","88.3","18.5",37.1,7.5
"Young, Jared",676724,2025,,,,,,,,,,,,".186",".488",".234","0.722","0.302",".167",".201",".456",".248",".296",".255","6","1","84.6","23",39.3,14.3
"Benintendi, Andrew",643217,2025,,,,,,,,,,,,".240",".431",".307","0.738","0.191",".250",".234",".430",".305",".320",".197","63","3","88","20.1",35.8,11.1
"Rushing, Dalton",687221,2025,,,,,,,,,,,,".204",".324",".258","0.582","0.120",".305",".203",".379",".262",".283",".176","24","1","90.8","17.2",37.2,14
"Marsee, Jakob",805300,2025,,,,,,,,,,,,".292",".478",".363","0.841","0.186",".357",".275",".442",".350",".347",".168","33","2","88.9","10.9",38.9,8.1
"Vilade, Ryan",668723,2025,,,,,,,,,,,,".077",".077",".200","0.277","0.000",".125",".210",".334",".316",".295",".124","0","0","96.6","-1.4",25,12.5
"Bregman, Alex",608324,2025,,,,,,,,,,,,".273",".462",".360","0.822","0.189",".288",".254",".427",".344",".337",".174","62","9","90.1","17.7",32.9,6.6
"Rojas, Josh",668942,2025,,,,,,,,,,,,".180",".259",".252","0.511","0.079",".227",".209",".305",".281",".263",".096","11","0","89.6","13.4",30.6,3.5
"Tatis Jr., Fernando",665487,2025,,,,,,,,,,,,".268",".446",".368","0.814","0.178",".303",".272",".488",".372",".370",".217","71","6","93.3","9.4",28.9,11
"Cortes, Carlos",666126,2025,,,,,,,,,,,,".309",".543",".323","0.866","0.234",".347",".267",".443",".291",".314",".177","14","0","89.8","16.3",36.8,9.2
"Moreno, Gabriel",672515,2025,,,,,,,,,,,,".285",".433",".353","0.786","0.148",".323",".279",".453",".349",".346",".174","40","1","90.4","14.4",39.8,7.1
"Alvarez, Francisco",682626,2025,,,,,,,,,,,,".256",".447",".339","0.786","0.191",".321",".229",".437",".315",".326",".208","32","4","93.1","9.6",32.4,12.1
"Alonso, Pete",624413,2025,,,,,,,,,,,,".272",".524",".347","0.871","0.252",".305",".274",".572",".349",".386",".299","126","15","93.5","15.4",38.4,18.9
"Ornelas, Jonathan",680716,2025,,,,,,,,,,,,".222",".222",".300","0.522","0.000",".333",".088",".093",".180",".143",".005","0","0","81.2","-12.5",0,0
"Díaz, Elias",553869,2025,,,,,,,,,,,,".205",".339",".271","0.610","0.134",".250",".203",".334",".270",".268",".132","29","2","88.4","17.7",30.1,7.6
"O'Neill, Tyler",641933,2025,,,,,,,,,,,,".199",".392",".292","0.684","0.193",".218",".243",".523",".331",".360",".280","26","3","88.8","22.2",34.6,16.5
"Edwards, Xavier",669364,2025,,,,,,,,,,,,".283",".353",".343","0.696","0.070",".330",".262",".332",".325",".295",".069","43","3","86.8","8.2",33.6,0.8
"Marte, Noelvi",682622,2025,,,,,,,,,,,,".263",".448",".300","0.748","0.185",".310",".245",".418",".285",".304",".173","51","3","88.5","12.7",32,9.1
"Ramos, Bryan",682868,2025,,,,,,,,,,,,".167",".333",".167","0.500","0.166",".250",".209",".357",".209",".242",".148","2","0","78.4","20.6",50,12.5
"Lopez, Otto",672640,2025,,,,,,,,,,,,".246",".368",".305","0.673","0.122",".264",".269",".434",".327",".330",".165","77","3","88.5","8.4",32.5,7.1
"Bell, Josh",605137,2025,,,,,,,,,,,,".237",".417",".325","0.742","0.180",".247",".256",".485",".345",".359",".229","63","5","90.4","10.4",33.4,12.1
"Arozarena, Randy",668227,2025,,,,,,,,,,,,".238",".426",".334","0.760","0.188",".297",".227",".417",".326",".327",".190","76","27","91.3","12.9",32.6,11.5
"Seager, Corey",608369,2025,,,,,,,,,,,,".271",".487",".373","0.860","0.216",".299",".285",".569",".386",".400",".284","50","5","92.9","11.6",34.2,15.3
"Mateo, Jorge",622761,2025,,,,,,,,,,,,".177",".266",".217","0.483","0.089",".271",".167",".255",".207",".206",".088","3","0","85.3","9.8",20.4,4.1
"Sánchez, Jesús",660821,2025,,,,,,,,,,,,".237",".395",".304","0.699","0.158",".283",".242",".441",".308",".323",".200","48","2","91.3","9.3",30.3,11.1
"Sánchez, Gary",596142,2025,,,,,,,,,,,,".231",".418",".297","0.715","0.187",".267",".240",".421",".306",".315",".181","24","5","93.3","18.4",24.6,10.9
"Winker, Jesse",608385,2025,,,,,,,,,,,,".229",".400",".309","0.709","0.171",".300",".204",".350",".289",".277",".146","10","0","89.5","20.5",29.4,7.8
"Crawford, J.P.",641487,2025,,,,,,,,,,,,".265",".370",".352","0.722","0.105",".318",".266",".386",".354",".329",".120","58","3","87.2","11.5",40,4.9
"Riley, Austin",663586,2025,,,,,,,,,,,,".260",".428",".309","0.737","0.168",".337",".246",".472",".298",".330",".225","54","3","92.3","16.8",37,15.2
"Helman, Michael",680737,2025,,,,,,,,,,,,".232",".455",".290","0.745","0.223",".247",".184",".328",".245",".254",".144","20","1","82.7","19.6",24.7,8.6
"Larnach, Trevor",663616,2025,,,,,,,,,,,,".250",".404",".323","0.727","0.154",".295",".251",".403",".325",".318",".153","60","4","90.9","10.9",34.9,7.2
"Marte, Starling",516782,2025,,,,,,,,,,,,".270",".410",".335","0.745","0.140",".318",".243",".391",".317",".315",".148","34","9","87.6","10",32.6,7.9
"Noel, Jhonkensy",678877,2025,,,,,,,,,,,,".162",".297",".183","0.480","0.135",".198",".161",".287",".183",".202",".126","13","0","90.3","13.8",25.8,6.2
"Crim, Blaine",688760,2025,,,,,,,,,,,,".200",".462",".270","0.732","0.262",".235",".215",".457",".289",".322",".242","12","1","92.2","14.9",46.2,15.4
"Kim, Hyeseong",808975,2025,,,,,,,,,,,,".280",".385",".314","0.699","0.105",".396",".221",".309",".258",".251",".087","17","1","86","7",39.1,2.7
"Vargas, Miguel",678246,2025,,,,,,,,,,,,".234",".401",".316","0.717","0.167",".261",".237",".407",".320",".319",".171","60","6","89.7","22.6",36.6,9.4
"Nelson, Ryne",669194,2025,,,,,,,,,,,,"1.000","1.000","1.000","2.000","0.000","1.000",".124",".141",".124",".118",".017","1","0","89.8","-16.7",0,0
"Cowser, Colton",681297,2025,,,,,,,,,,,,".196",".385",".269","0.654","0.189",".262",".200",".404",".274",".293",".203","40","6","90.9","13.8",32.7,14.1
"Julien, Edouard",666397,2025,,,,,,,,,,,,".220",".324",".309","0.633","0.104",".311",".242",".424",".329",".329",".182","12","2","89.2","6.1",39,12.2
"Hamilton, David",666152,2025,,,,,,,,,,,,".198",".333",".257","0.590","0.135",".234",".209",".319",".267",".260",".110","19","1","86.6","14.3",27.8,6
"Wisely, Brett",689172,2025,,,,,,,,,,,,".185",".315",".279","0.594","0.130",".231",".200",".347",".292",".284",".146","10","0","87.3","25.4",28.6,7.1
"White, Eli",642201,2025,,,,,,,,,,,,".234",".406",".270","0.676","0.172",".282",".251",".435",".288",".310",".185","35","2","87.7","11.3",34.6,9.1
"Narváez, Carlos",665966,2025,,,,,,,,,,,,".241",".419",".306","0.725","0.178",".294",".220",".381",".288",".293",".162","50","1","91.1","13.2",30.4,9.1
"Pillar, Kevin",607680,2025,,,,,,,,,,,,".209",".256",".209","0.465","0.047",".257",".209",".295",".209",".216",".086","1","0","86.1","14.9",34.3,2.9
"Escarra, J.C.",641555,2025,,,,,,,,,,,,".202",".333",".296","0.629","0.131",".214",".233",".349",".323",".300",".116","11","1","90.8","11.5",27.8,5.6
"Saggese, Thomas",695336,2025,,,,,,,,,,,,".258",".342",".299","0.641","0.084",".359",".239",".350",".284",".280",".111","25","1","90.2","12.9",39,5.6
"Nuñez, Dom",624513,2025,,,,,,,,,,,,".286",".286",".286","0.572","0.000",".667",".047",".052",".047",".043",".006","0","0","72.9","-27.2",0,0
"Walker, Jordan",691023,2025,,,,,,,,,,,,".215",".306",".278","0.584","0.091",".310",".207",".363",".271",".278",".155","41","3","92.3","10.3",29,10.9
"Basallo, Samuel",694212,2025,,,,,,,,,,,,".165",".330",".229","0.559","0.165",".187",".213",".375",".273",".284",".163","15","3","89.1","13.8",20.3,8.9
"Wells, Austin",669224,2025,,,,,,,,,,,,".219",".436",".275","0.711","0.217",".245",".214",".399",".276",".294",".185","71","5","90.6","20.7",33,10.2
"Simon, Ronny",682927,2025,,,,,,,,,,,,".234",".273",".299","0.572","0.039",".281",".240",".350",".310",".295",".110","7","0","88.4","10",27.7,6.2
"Cruz, Oneil",665833,2025,,,,,,,,,,,,".200",".378",".298","0.676","0.178",".262",".218",".425",".317",".324",".207","61","4","95.8","8.1",31.5,18
"Turner, Trea",607208,2025,,,,,,,,,,,,".304",".457",".355","0.812","0.153",".350",".270",".410",".324",".321",".140","69","5","89.3","9.1",34.7,5.8
"Cabrera, Oswaldo",665828,2025,,,,,,,,,,,,".243",".308",".322","0.630","0.065",".305",".244",".297",".323",".284",".054","11","2","89.1","8.8",31,0
"Harper, Bryce",547180,2025,,,,,,,,,,,,".261",".487",".357","0.844","0.226",".292",".268",".492",".364",".368",".224","75","6","91.3","11.6",37.6,12.3
"Moniak, Mickey",666160,2025,,,,,,,,,,,,".270",".518",".306","0.824","0.248",".307",".262",".497",".299",".337",".235","68","2","89.7","17.4",37.6,13.8
"Narváez, Omar",553882,2025,,,,,,,,,,,,".286",".286",".400","0.686","0.000",".286",".219",".254",".363",".295",".035","3","0","87.2","12.4",28.6,0
"Davis, J.D.",605204,2025,,,,,,,,,,,,".111",".111",".111","0.222","0.000",".167",".117",".158",".117",".117",".041","0","0","85.7","-0.4",16.7,0
"Schneemann, Daniel",682177,2025,,,,,,,,,,,,".206",".354",".283","0.637","0.148",".263",".215",".387",".291",".297",".173","41","3","88.9","10.9",32.6,11.5
"Doyle, Brenton",686668,2025,,,,,,,,,,,,".233",".376",".274","0.650","0.143",".289",".234",".410",".277",".296",".176","57","0","89.9","9.8",33,10.9
"Contreras, Willson",575929,2025,,,,,,,,,,,,".257",".447",".344","0.791","0.190",".319",".257",".488",".344",".358",".231","80","23","90.6","12.3",37.1,13.9
"Olson, Matt",621566,2025,,,,,,,,,,,,".272",".484",".366","0.850","0.212",".333",".249",".492",".347",".360",".244","95","4","93.3","14.8",37.1,14.4
"Loperfido, Joey",694388,2025,,,,,,,,,,,,".333",".500",".379","0.879","0.167",".431",".266",".407",".316",".316",".141","14","3","87.3","11.7",32.9,5.7
"McCusker, Carson",676812,2025,,,,,,,,,,,,".172",".172",".200","0.372","0.000",".385",".179",".289",".207",".218",".110","1","0","78","11.5",15.4,7.7
"Allen, Greg",656185,2025,,,,,,,,,,,,".000",".000",".000","0.000","0.000",".000",".146",".177",".146",".142",".031","0","0","89.9","12",11.1,0
"Wynns, Austin",642851,2025,,,,,,,,,,,,".291",".544",".321","0.865","0.253",".364",".233",".427",".266",".295",".194","21","0","88.6","13",35.6,9.6
"Mitchell, Garrett",669003,2025,,,,,,,,,,,,".206",".294",".286","0.580","0.088",".318",".229",".341",".306",".288",".112","3","1","90.4","10.8",28.9,6.7
"Trout, Mike",545361,2025,,,,,,,,,,,,".232",".439",".359","0.798","0.207",".310",".236",".474",".364",".358",".239","64","6","90.9","17.5",44.4,15.8
"Tena, José",677588,2025,,,,,,,,,,,,".243",".355",".314","0.669","0.112",".319",".243",".364",".316",".302",".121","16","1","89.2","1.2",34.5,5.3
"Matos, Luis",682641,2025,,,,,,,,,,,,".221",".424",".266","0.690","0.203",".217",".219",".368",".264",".274",".149","22","0","88","14.1",33.6,7.5
"McKinstry, Zach",656716,2025,,,,,,,,,,,,".259",".438",".333","0.771","0.179",".314",".247",".358",".324",".305",".111","49","7","85.7","14.1",41.2,6.1
"Senger, Hayden",663584,2025,,,,,,,,,,,,".181",".194",".221","0.415","0.013",".255",".215",".321",".256",".259",".107","4","1","88.6","9.7",28.8,3.8
"Amaya, Miguel",665804,2025,,,,,,,,,,,,".281",".500",".314","0.814","0.219",".324",".244",".393",".282",".295",".149","25","1","86.4","18.6",38.2,6.6
"Locklear, Tyler",682988,2025,,,,,,,,,,,,".175",".262",".267","0.529","0.087",".263",".172",".287",".265",".252",".115","6","3","87.9","7",18.3,6.7
"Pham, Tommy",502054,2025,,,,,,,,,,,,".245",".370",".330","0.700","0.125",".294",".246",".396",".332",".318",".149","52","2","91.6","6.9",32.7,6.6
"Moore, Dylan",664238,2025,,,,,,,,,,,,".201",".374",".267","0.641","0.173",".256",".191",".326",".261",".262",".134","25","1","84.8","21.3",34.3,8.6
"Naylor, Bo",666310,2025,,,,,,,,,,,,".195",".379",".282","0.661","0.184",".222",".201",".371",".291",".292",".169","47","1","89.6","21.3",36.8,9.7
"Jackson, Alex",656577,2025,,,,,,,,,,,,".220",".473",".290","0.763","0.253",".306",".178",".362",".252",".270",".185","8","4","88.3","14.3",40.7,14.8
"Rocchio, Brayan",677587,2025,,,,,,,,,,,,".233",".340",".290","0.630","0.107",".281",".246",".358",".306",".295",".113","44","8","88","11",33.3,3.3
"Friedl, TJ",670770,2025,,,,,,,,,,,,".261",".378",".364","0.742","0.117",".301",".227",".317",".337",".300",".090","53","16","87.1","14.3",33.4,2.7
"Meyers, Jake",676694,2025,,,,,,,,,,,,".292",".373",".354","0.727","0.081",".353",".269",".403",".334",".325",".134","24","3","88.1","9.8",34.6,5
"Berti, Jon",542932,2025,,,,,,,,,,,,".210",".230",".262","0.492","0.020",".269",".253",".323",".303",".280",".070","2","2","87.5","1.5",30.8,2.6
"Freeman, Cody",683227,2025,,,,,,,,,,,,".228",".342",".258","0.600","0.114",".247",".239",".326",".271",".264",".087","15","0","84.9","10.6",33,4.2
"Collins, Isaac",686555,2025,,,,,,,,,,,,".263",".411",".368","0.779","0.148",".326",".246",".359",".354",".322",".113","54","6","88.8","12.2",34.4,4.9
"Merrill, Jackson",701538,2025,,,,,,,,,,,,".264",".457",".317","0.774","0.193",".312",".263",".490",".319",".347",".227","67","4","89.7","15.2",42.6,13
"Myers, Dane",667472,2025,,,,,,,,,,,,".235",".326",".291","0.617","0.091",".293",".247",".393",".303",".304",".147","31","2","90.7","10.5",34.6,7.8
"Rodríguez, Julio",677594,2025,,,,,,,,,,,,".267",".474",".324","0.798","0.207",".302",".269",".479",".327",".344",".209","95","12","91.8","8.5",31.5,9.8
"Dubón, Mauricio",643289,2025,,,,,,,,,,,,".241",".355",".289","0.644","0.114",".255",".247",".331",".294",".278",".084","33","1","84.5","13.1",31.7,1.2
"Stewart, Sal",701398,2025,,,,,,,,,,,,".255",".545",".293","0.838","0.290",".257",".292",".630",".329",".401",".338","8","0","95.4","17.9",35,17.9
"Ohtani, Shohei",660271,2025,,,,,,,,,,,,".282",".622",".392","1.014","0.340",".315",".274",".649",".387",".425",".375","102","3","94.9","15",35.9,23.5
"Swanson, Dansby",621020,2025,,,,,,,,,,,,".244",".417",".300","0.717","0.173",".298",".267",".477",".323",".345",".210","77","2","90.5","13.3",36.9,11.7
"Nuñez, Nasim",683083,2025,,,,,,,,,,,,".232",".402",".297","0.699","0.170",".254",".239",".367",".304",".296",".128","13","0","88.6","5",34.4,4.7
"Montes, Coco",663796,2025,,,,,,,,,,,,".200",".200",".200","0.400","0.000",".286",".273",".312",".273",".259",".039","1","0","90.3","-3.5",28.6,0
"Martin, Austin",668885,2025,,,,,,,,,,,,".282",".365",".374","0.739","0.083",".347",".279",".403",".372",".345",".124","7","1","86.2","9.7",35.4,5.5
"Goldschmidt, Paul",502671,2025,,,,,,,,,,,,".274",".403",".328","0.731","0.129",".325",".266",".450",".321",".329",".184","45","4","90.4","15.9",36.1,8
"Blanco, Dairon",680118,2025,,,,,,,,,,,,".167",".333",".167","0.500","0.166",".250",".185",".213",".185",".175",".029","1","0","79.1","28.3",16.7,0
"Lux, Gavin",666158,2025,,,,,,,,,,,,".269",".374",".350","0.724","0.105",".351",".243",".336",".327",".299",".092","53","0","88.3","9.6",38.1,3.6
"Salazar, César",663967,2025,,,,,,,,,,,,".231",".231",".375","0.606","0.000",".273",".213",".253",".361",".298",".040","1","1","82.1","11.9",36.4,0
"Miller, Owen",680911,2025,,,,,,,,,,,,".143",".143",".294","0.437","0.000",".200",".176",".187",".330",".264",".011","1","1","76.7","-1.5",10,0
"Handley, Maverick",668974,2025,,,,,,,,,,,,".073",".073",".133","0.206","0.000",".125",".127",".194",".186",".177",".067","3","1","83.5","4.1",26.9,0
"Jansen, Danny",643376,2025,,,,,,,,,,,,".215",".399",".321","0.720","0.184",".253",".199",".356",".309",".299",".157","36","4","87.6","24",35.6,8.8
"Vierling, Matt",663837,2025,,,,,,,,,,,,".239",".307",".310","0.617","0.068",".308",".250",".436",".326",".338",".186","11","3","92.2","20.4",27.3,12.1
"Witt Jr., Bobby",677951,2025,,,,,,,,,,,,".295",".501",".351","0.852","0.206",".334",".285",".508",".347",".365",".222","88","8","93.3","15.2",35.4,12.5
"Caratini, Victor",605170,2025,,,,,,,,,,,,".259",".404",".324","0.728","0.145",".282",".255",".425",".324",".329",".170","46","13","88.7","12.5",34.7,7.7
"Hampson, Garrett",641658,2025,,,,,,,,,,,,".143",".169",".250","0.419","0.026",".229",".150",".194",".256",".217",".044","1","0","84.3","22.5",25.5,2
"Gurriel Jr., Lourdes",666971,2025,,,,,,,,,,,,".248",".418",".295","0.713","0.170",".254",".256",".420",".306",".315",".164","80","6","87.8","16.3",37.4,7.2
"Grichuk, Randal",545341,2025,,,,,,,,,,,,".228",".401",".273","0.674","0.173",".259",".259",".457",".305",".326",".197","27","1","92.4","17.6",33.6,11.7
"Mountcastle, Ryan",663624,2025,,,,,,,,,,,,".250",".367",".286","0.653","0.117",".326",".253",".428",".293",".313",".174","35","4","90.7","9.1",37.5,11.7
"Johnston, Troy",687859,2025,,,,,,,,,,,,".277",".420",".331","0.751","0.143",".329",".270",".458",".325",".338",".187","13","1","89.6","14.6",39.5,9.4
"Vientos, Mark",668901,2025,,,,,,,,,,,,".233",".413",".289","0.702","0.180",".277",".246",".432",".303",".320",".187","61","5","91.4","11.5",33.5,11.5
"Raleigh, Cal",663728,2025,,,,,,,,,,,,".247",".589",".359","0.948","0.342",".248",".231",".547",".346",".371",".316","125","9","91.3","25.2",35.3,19.5
"Caballero, José",676609,2025,,,,,,,,,,,,".236",".347",".339","0.686","0.111",".324",".218",".332",".324",".299",".115","36","3","86","17.4",36.5,5.9
"Berroa, Steward",672642,2025,,,,,,,,,,,,".000",".000",".167","0.167","0.000",".000",".057",".066",".214",".160",".009","0","0","91.3","33.4",0,0
"Jones, Nolan",666134,2025,,,,,,,,,,,,".211",".304",".296","0.600","0.093",".292",".224",".373",".309",".301",".148","34","5","90.8","13",35.8,8.6
"Gray, Tristan",656484,2025,,,,,,,,,,,,".231",".410",".282","0.692","0.179",".263",".257",".473",".315",".349",".216","9","0","91.4","18.5",42.6,13.1
"Pereira, Everson",677592,2025,,,,,,,,,,,,".138",".246",".219","0.465","0.108",".194",".160",".304",".240",".242",".143","8","0","90.5","13.2",31.6,7.9
"Rosario, Amed",642708,2025,,,,,,,,,,,,".276",".436",".309","0.745","0.160",".303",".288",".439",".323",".331",".151","23","2","91.2","9.9",35.1,6
"Wagaman, Eric",676572,2025,,,,,,,,,,,,".250",".378",".296","0.674","0.128",".296",".259",".421",".306",".315",".162","53","1","91","10.6",34.4,6.8
"Aranda, Jonathan",666018,2025,,,,,,,,,,,,".316",".489",".393","0.882","0.173",".409",".291",".515",".374",".382",".224","59","8","93","14.5",42.1,12.9
"Taylor, Michael A.",572191,2025,,,,,,,,,,,,".200",".366",".259","0.625","0.166",".281",".186",".380",".248",".271",".194","35","1","90.8","17.9",37.2,10.5
"Lindor, Francisco",596019,2025,,,,,,,,,,,,".267",".466",".346","0.812","0.199",".288",".260",".454",".342",".345",".194","86","16","90.5","15.1",34.6,8.9
"Tellez, Rowdy",642133,2025,,,,,,,,,,,,".228",".443",".276","0.719","0.215",".255",".234",".479",".286",".328",".245","49","3","91.2","14.8",36.8,15.3
"Dunn, Oliver",686554,2025,,,,,,,,,,,,".167",".222",".205","0.427","0.055",".231",".221",".261",".260",".235",".040","6","0","87.3","3.8",35.7,0
"Banfield, Will",677943,2025,,,,,,,,,,,,".100",".100",".100","0.200","0.000",".250",".164",".175",".164",".151",".012","0","0","84.4","24.1",25,0
"Ruiz, Keibert",660688,2025,,,,,,,,,,,,".247",".318",".277","0.595","0.071",".268",".271",".351",".301",".287",".080","25","3","86.2","11.3",31.3,2.2
"Candelario, Jeimer",600869,2025,,,,,,,,,,,,".113",".212",".198","0.410","0.099",".137",".126",".247",".215",".213",".122","10","0","87.3","11.4",20.8,7.5
"Black, Tyler",672012,2025,,,,,,,,,,,,".250",".375",".538","0.913","0.125",".286",".255",".360",".542",".431",".105","1","0","83.1","1.7",42.9,0
"Palacios, Joshua",641943,2025,,,,,,,,,,,,".203",".305",".292","0.597","0.102",".258",".222",".359",".309",".299",".137","9","4","88.3","11",29,8.7
"Kennedy, Buddy",671083,2025,,,,,,,,,,,,".069",".103",".156","0.259","0.034",".095",".136",".221",".217",".202",".085","1","1","87.9","18.9",33.3,4.8
"Waters, Drew",671221,2025,,,,,,,,,,,,".243",".316",".288","0.604","0.073",".338",".232",".318",".278",".265",".086","14","2","86","9.1",35.6,4.1
"Young, Jacob",696285,2025,,,,,,,,,,,,".231",".287",".296","0.583","0.056",".283",".262",".336",".324",".297",".074","31","3","87.6","3.8",27.9,1.9
"Caissie, Owen",683357,2025,,,,,,,,,,,,".192",".346",".222","0.568","0.154",".286",".189",".311",".219",".232",".123","4","0","87.3","14",53.3,13.3
"Rutschman, Adley",668939,2025,,,,,,,,,,,,".220",".366",".307","0.673","0.146",".240",".241",".410",".327",".325",".169","29","1","89.4","13.7",33.7,7.5
"Sanoja, Javier",691594,2025,,,,,,,,,,,,".243",".396",".287","0.683","0.153",".259",".251",".342",".296",".282",".090","38","2","88.5","10.8",31.8,1.8
"Alcántara, Kevin",682634,2025,,,,,,,,,,,,".364",".364",".417","0.781","0.000",".571",".447",".505",".493",".443",".058","1","0","92.8","9.3",57.1,0
"Elko, Tim",671284,2025,,,,,,,,,,,,".134",".328",".194","0.522","0.194",".152",".162",".335",".220",".243",".173","8","0","90.8","3.8",16.2,10.8
"Hassell III, Robert",690987,2025,,,,,,,,,,,,".223",".315",".257","0.572","0.092",".311",".226",".369",".260",".273",".143","18","1","88.6","7.2",34.1,8.2
"Williams, Luke",663897,2025,,,,,,,,,,,,".129",".194",".176","0.370","0.065",".174",".185",".228",".242",".230",".044","5","1","86.9","13.4",30.4,4.5
"Herrera, Iván",671056,2025,,,,,,,,,,,,".284",".464",".373","0.837","0.180",".315",".271",".487",".364",".368",".215","66","15","91.2","10.1",33.8,11.1
"Triolo, Jared",669707,2025,,,,,,,,,,,,".227",".356",".311","0.667","0.129",".273",".239",".383",".322",".310",".144","24","2","89","14.7",34.4,6.2
"Alvarez Jr., Nacho",805373,2025,,,,,,,,,,,,".234",".330",".296","0.626","0.096",".304",".228",".308",".291",".270",".080","15","5","84.9","17.8",33.1,1.4
"Wade Jr., LaMonte",664774,2025,,,,,,,,,,,,".167",".254",".271","0.525","0.087",".220",".205",".321",".304",".281",".116","18","3","89.7","21.9",33.8,4.5
"Whitcomb, Shay",694376,2025,,,,,,,,,,,,".125",".219",".125","0.344","0.094",".143",".178",".288",".178",".198",".110","1","0","84.5","11.4",27.3,4.5
"Massey, Michael",686681,2025,,,,,,,,,,,,".244",".313",".268","0.581","0.069",".277",".238",".346",".264",".265",".108","20","1","87.5","22.2",35.7,4
"Conforto, Michael",624424,2025,,,,,,,,,,,,".199",".333",".305","0.638","0.134",".247",".233",".410",".336",".330",".177","36","9","89.9","12.9",34.3,9.7
"Baddoo, Akil",668731,2025,,,,,,,,,,,,".118",".176",".167","0.343","0.058",".167",".258",".317",".300",".277",".059","1","0","90.3","9.1",33.3,0
"Capra, Vinny",681962,2025,,,,,,,,,,,,".125",".177",".157","0.334","0.052",".153",".178",".256",".214",".211",".078","6","1","85.9","11.2",26.3,2.7
"Taveras, Leody",665750,2025,,,,,,,,,,,,".205",".304",".226","0.530","0.099",".269",".198",".316",".220",".232",".118","17","0","88.5","21.2",27.2,6.4
"Cronenworth, Jake",630105,2025,,,,,,,,,,,,".246",".377",".367","0.744","0.131",".299",".225",".353",".352",".319",".128","59","15","88.5","14.9",31.9,6.2
"Stubbs, Garrett",596117,2025,,,,,,,,,,,,".000",".000",".000","0.000","0.000",".000",".045",".046",".045",".044",".001","0","0","67.5","-19.4",0,0
"Jensen, Carter",695600,2025,,,,,,,,,,,,".300",".550",".391","0.941","0.250",".333",".336",".633",".423",".447",".297","13","0","95.4","7.3",41.7,20.8
"Taylor, Chris",621035,2025,,,,,,,,,,,,".186",".301",".256","0.557","0.115",".271",".205",".324",".275",".270",".119","12","6","85.9","18.6",38.9,6.9
"Bruján, Vidal",660644,2025,,,,,,,,,,,,".253",".310",".305","0.615","0.057",".328",".224",".320",".279",".266",".096","8","1","88.2","7.5",35.8,0
"Schuemann, Max",680474,2025,,,,,,,,,,,,".197",".273",".295","0.568","0.076",".231",".230",".334",".325",".297",".104","13","4","87.3","12.4",34.9,2.6
"Wood, James",695578,2025,,,,,,,,,,,,".256",".475",".350","0.825","0.219",".350",".259",".493",".354",".361",".233","94","3","94.3","6.3",36.3,16.4
"Walker, Christian",572233,2025,,,,,,,,,,,,".238",".421",".297","0.718","0.183",".291",".233",".435",".294",".314",".203","88","11","90.9","16.9",34.5,12.9
"Davidson, Logan",669722,2025,,,,,,,,,,,,".163",".279",".217","0.496","0.116",".316",".135",".240",".191",".193",".105","4","0","87.4","12.1",13.6,4.5
"Peña, Jeremy",665161,2025,,,,,,,,,,,,".304",".477",".363","0.840","0.173",".345",".270",".432",".333",".334",".162","62","12","88.9","8.9",30,8.2
"Koss, Christian",683766,2025,,,,,,,,,,,,".264",".368",".309","0.677","0.104",".336",".263",".402",".309",".311",".139","23","3","86.9","5.5",33.6,6
"Moncada, Yoán",660162,2025,,,,,,,,,,,,".234",".448",".336","0.784","0.214",".282",".217",".421",".323",".324",".203","35","7","89.8","15.1",37.1,14.3
"Rortvedt, Ben",666163,2025,,,,,,,,,,,,".152",".205",".240","0.445","0.053",".182",".185",".246",".270",".240",".062","10","2","81.2","13.6",23.9,3.3
"Polanco, Jorge",593871,2025,,,,,,,,,,,,".265",".495",".326","0.821","0.230",".269",".266",".464",".329",".343",".198","78","3","90.8","16.7",34.3,10.3
"Vaughn, Andrew",683734,2025,,,,,,,,,,,,".254",".411",".307","0.718","0.157",".280",".273",".479",".329",".349",".206","65","3","91.6","13.3",38.4,12
"Lee, Korey",686676,2025,,,,,,,,,,,,".257",".429",".333","0.762","0.172",".296",".185",".284",".268",".250",".100","3","0","86.3","15.9",24.1,3.4
"Eldridge, Bryce",805811,2025,,,,,,,,,,,,".107",".179",".297","0.476","0.072",".188",".179",".510",".352",".365",".331","4","1","95.6","12",25,25
"Donovan, Brendan",680977,2025,,,,,,,,,,,,".287",".422",".353","0.775","0.135",".315",".280",".449",".348",".346",".169","50","7","89.7","12.2",40.1,8.8
"Trammell, Taylor",666211,2025,,,,,,,,,,,,".197",".333",".296","0.629","0.136",".270",".187",".307",".289",".271",".120","12","0","91","15.5",33.8,7.8
"Neto, Zach",687263,2025,,,,,,,,,,,,".257",".474",".319","0.793","0.217",".312",".251",".495",".315",".344",".244","62","14","91","17.5",38,14
"Canzone, Dominic",686527,2025,,,,,,,,,,,,".300",".481",".358","0.839","0.181",".352",".290",".533",".349",".376",".243","32","3","92.3","10.5",37.4,14.5
"DeLuca, Jonny",676356,2025,,,,,,,,,,,,".333",".456",".356","0.812","0.123",".432",".252",".329",".278",".267",".076","4","0","85.6","10.3",31.8,2.3
"McCormick, Chas",676801,2025,,,,,,,,,,,,".210",".290",".279","0.569","0.080",".290",".228",".372",".298",".299",".144","5","1","85.8","21.9",32,5.4
"Springer, George",543807,2025,,,,,,,,,,,,".309",".560",".399","0.959","0.251",".340",".291",".571",".384",".404",".280","84","8","90","17.2",41.2,16.2
"Martini, Nick",605361,2025,,,,,,,,,,,,".225",".294",".288","0.582","0.069",".265",".215",".292",".279",".253",".077","4","0","85.7","14.6",26.2,3.6
"Edman, Tommy",669242,2025,,,,,,,,,,,,".225",".382",".274","0.656","0.157",".235",".274",".411",".322",".321",".137","49","6","88.3","11.8",33.3,4.5
"Durbin, Caleb",702332,2025,,,,,,,,,,,,".256",".387",".334","0.721","0.131",".265",".255",".362",".333",".312",".107","53","24","85.2","13.9",29.6,4
"Hurtubise, Jacob",674441,2025,,,,,,,,,,,,".083",".083",".267","0.350","0.000",".167",".158",".181",".326",".262",".023","0","2","89.3","5",16.7,0
"Fermín, José",665877,2025,,,,,,,,,,,,".283",".417",".377","0.794","0.134",".327",".275",".367",".370",".332",".092","9","1","87.1","16",35.3,0
"Bryant, Kris",592178,2025,,,,,,,,,,,,".154",".205",".195","0.400","0.051",".231",".159",".301",".200",".217",".143","1","0","90.8","13",46.2,7.7
"Bader, Harrison",664056,2025,,,,,,,,,,,,".277",".449",".347","0.796","0.172",".359",".220",".374",".298",".297",".154","54","11","87.2","12.7",33,10.2
"Langford, Wyatt",694671,2025,,,,,,,,,,,,".241",".431",".344","0.775","0.190",".299",".239",".448",".344",".346",".210","62","5","91.4","17.5",35.9,14
"Rosario, Eddie",592696,2025,,,,,,,,,,,,".125",".125",".125","0.250","0.000",".167",".236",".545",".236",".329",".309","0","0","87.3","5.8",50,16.7
"House, Brady",691781,2025,,,,,,,,,,,,".234",".322",".252","0.574","0.088",".310",".256",".370",".278",".284",".114","29","0","89.8","5.8",36.2,4.3
"Burleson, Alec",676475,2025,,,,,,,,,,,,".290",".459",".343","0.802","0.169",".312",".272",".471",".329",".345",".199","69","3","91","15.2",34,9.5
"Barger, Addison",680718,2025,,,,,,,,,,,,".243",".454",".301","0.755","0.211",".284",".255",".462",".313",".331",".207","74","3","91.7","11.9",35.5,11.4
"Seigler, Anthony",678011,2025,,,,,,,,,,,,".194",".210",".292","0.502","0.016",".255",".237",".339",".332",".303",".102","5","1","89.3","10.6",43.8,2.1
"Rafaela, Ceddanne",678882,2025,,,,,,,,,,,,".249",".414",".295","0.709","0.165",".289",".242",".416",".289",".305",".174","63","8","88.3","12.8",32.3,9.2
"Lukes, Nathan",664770,2025,,,,,,,,,,,,".255",".407",".323","0.730","0.152",".273",".259",".392",".327",".315",".133","65","2","87.9","11.2",30.8,4.8
"Bliss, Ryan",669208,2025,,,,,,,,,,,,".200",".314",".282","0.596","0.114",".261",".205",".391",".287",".297",".186","3","0","89","10.2",37.5,12.5
"Ornelas, Tirso",672359,2025,,,,,,,,,,,,".071",".071",".188","0.259","0.000",".083",".170",".369",".273",".285",".199","1","0","90.5","17.7",16.7,8.3
"Brooks, Trenton",670092,2025,,,,,,,,,,,,".146",".268",".186","0.454","0.122",".185",".214",".338",".250",".255",".124","2","0","89.4","18.2",28.6,7.1
"Walls, Taylor",670764,2025,,,,,,,,,,,,".220",".319",".280","0.599","0.099",".271",".210",".309",".273",".261",".099","38","0","87","15.1",33.5,3.2
"Ramos, Heliot",671218,2025,,,,,,,,,,,,".256",".400",".328","0.728","0.144",".309",".242",".417",".317",".320",".175","69","17","91.8","11.5",32.5,8.8
"Winn, Masyn",691026,2025,,,,,,,,,,,,".253",".363",".310","0.673","0.110",".301",".240",".347",".298",".286",".107","51","8","88.3","16",31.3,4.8
"Kelenic, Jarred",672284,2025,,,,,,,,,,,,".167",".300",".231","0.531","0.133",".229",".182",".384",".245",".272",".202","2","0","89.1","16",21.6,13.5
"Rojas, Miguel",500743,2025,,,,,,,,,,,,".262",".397",".318","0.715","0.135",".291",".249",".358",".306",".293",".109","27","0","87.6","12.9",34.4,4.1
"Mesa Jr., Victor",683748,2025,,,,,,,,,,,,".188",".344",".297","0.641","0.156",".192",".233",".422",".336",".334",".190","6","0","91.1","14.1",32.1,7.1
"Wade, Tyler",642180,2025,,,,,,,,,,,,".206",".252",".309","0.561","0.046",".289",".185",".226",".291",".247",".041","9","1","82.6","8.3",28.7,0
"Kemp, Otto",805249,2025,,,,,,,,,,,,".234",".411",".298","0.709","0.177",".306",".231",".418",".296",".310",".187","28","7","89.9","11.5",38.6,12.1
"Arraez, Luis",650333,2025,,,,,,,,,,,,".292",".392",".327","0.719","0.100",".289",".287",".363",".324",".303",".076","61","2","86.1","12.2",37.1,1.1
"Kurtz, Nick",701762,2025,,,,,,,,,,,,".290",".619",".383","1.002","0.329",".364",".245",".537",".345",".372",".292","86","2","92.7","15.3",39,18.5
"Rojas, Johan",679032,2025,,,,,,,,,,,,".224",".289",".280","0.569","0.065",".289",".227",".298",".288",".265",".071","18","0","87.9","7.4",27.7,3.4
"Keirsey Jr., DaShawn",680577,2025,,,,,,,,,,,,".107",".179",".138","0.317","0.072",".143",".144",".216",".174",".173",".072","6","1","87.5","9.9",19.2,5.8
"Kreidler, Ryan",668952,2025,,,,,,,,,,,,".105",".105",".190","0.295","0.000",".211",".182",".255",".260",".236",".072","0","0","89.6","16.5",38.1,4.8
"Muncy, Max",571970,2025,,,,,,,,,,,,".243",".470",".376","0.846","0.227",".264",".238",".497",".374",".374",".259","67","6","91.3","19.6",37.4,13.6
"Arcia, Orlando",606115,2025,,,,,,,,,,,,".202",".291",".238","0.529","0.089",".247",".207",".290",".244",".236",".084","13","0","87.4","7",26.1,2.6
"Nido, Tomás",621512,2025,,,,,,,,,,,,".343",".343",".361","0.704","0.000",".480",".272",".339",".292",".278",".068","2","1","86.4","10.4",38.5,0
"McCutchen, Andrew",457705,2025,,,,,,,,,,,,".239",".367",".333","0.700","0.128",".289",".258",".415",".350",".333",".157","57","2","89.5","14.5",34.5,8.4
"Ramírez, José",608070,2025,,,,,,,,,,,,".283",".503",".360","0.863","0.220",".279",".284",".446",".362",".342",".162","85","8","88.9","19.2",36.4,7
"English, Tristin",663536,2025,,,,,,,,,,,,".091",".136",".130","0.266","0.045",".143",".098",".144",".137",".131",".046","1","0","91.7","13.2",35.7,0
"Lile, Daylen",695734,2025,,,,,,,,,,,,".299",".498",".347","0.845","0.199",".336",".302",".449",".350",".348",".146","41","4","88.9","15",44.2,5.2
"Stubbs, C.J.",667690,2025,,,,,,,,,,,,".000",".000",".000","0.000","0.000",".000",".104",".117",".104",".098",".013","0","0","84.6","31.2",0,0
"Rivera, Emmanuel",656896,2025,,,,,,,,,,,,".250",".283",".291","0.574","0.033",".313",".246",".312",".288",".267",".066","13","1","86.7","11.6",38.5,1
"Simpson, Chandler",802415,2025,,,,,,,,,,,,".295",".345",".326","0.671","0.050",".327",".295",".336",".328",".297",".041","26","0","84.3","0.5",29.8,0
"Canha, Mark",592192,2025,,,,,,,,,,,,".212",".265",".272","0.537","0.053",".256",".214",".303",".283",".268",".089","6","3","86.6","19.9",25.3,2.2
"Castro, Willi",650489,2025,,,,,,,,,,,,".226",".366",".313","0.679","0.140",".286",".234",".368",".321",".306",".133","33","11","86.7","11.2",36.6,6.5
"McKinney, Billy",641856,2025,,,,,,,,,,,,".200",".250",".238","0.488","0.050",".211",".311",".455",".344",".346",".144","1","0","87","16",42.1,0
"Maldonado, Martín",455117,2025,,,,,,,,,,,,".204",".327",".245","0.572","0.123",".302",".192",".344",".234",".251",".152","12","0","86","16.1",30.2,9.4
"Jung, Josh",673962,2025,,,,,,,,,,,,".251",".390",".294","0.684","0.139",".316",".245",".414",".288",".304",".169","61","2","89.3","12.8",39.4,8.3
"Solak, Nick",669256,2025,,,,,,,,,,,,".091",".091",".091","0.182","0.000",".111",".151",".165",".151",".141",".014","0","0","82.6","2.8",22.2,0
"Hernaiz, Darell",687231,2025,,,,,,,,,,,,".231",".306",".292","0.598","0.075",".250",".255",".351",".321",".305",".095","16","0","85","6.3",31.4,3.2
"DeJong, Paul",657557,2025,,,,,,,,,,,,".228",".373",".269","0.642","0.145",".317",".194",".351",".241",".259",".157","23","1","88.1","22.7",37.3,10.3
"Laureano, Ramón",657656,2025,,,,,,,,,,,,".281",".512",".342","0.854","0.231",".331",".270",".518",".333",".362",".248","76","8","90.3","13.4",37.1,13.9
"Young, Cole",702284,2025,,,,,,,,,,,,".211",".305",".302","0.607","0.094",".247",".224",".355",".314",".297",".131","24","2","87.6","17.2",33.3,5.6
"Lawlar, Jordan",691783,2025,,,,,,,,,,,,".182",".288",".257","0.545","0.106",".293",".190",".294",".266",".253",".104","5","1","87","17.2",36.6,4.9
"Robinson, Chuckie",642020,2025,,,,,,,,,,,,".000",".000",".000","0.000","0.000",".000",".202",".202",".202",".186",".001","0","0",,,0,0
"Rodgers, Brendan",663898,2025,,,,,,,,,,,,".191",".278",".266","0.544","0.087",".294",".213",".391",".286",".296",".178","11","1","90.5","10.8",40,14.3
"Alfaro, Jorge",595751,2025,,,,,,,,,,,,".256",".308",".256","0.564","0.052",".400",".241",".330",".241",".247",".090","3","0","86.8","12.4",40,8
"McCann, James",543510,2025,,,,,,,,,,,,".260",".431",".324","0.755","0.171",".314",".239",".408",".306",".313",".169","17","4","92.3","8.3",30.4,7.6
"Paris, Kyren",677347,2025,,,,,,,,,,,,".190",".381",".266","0.647","0.191",".295",".173",".348",".251",".265",".175","11","3","88.9","17.8",34.3,16.7
"Eaton, Nate",681987,2025,,,,,,,,,,,,".296",".383",".348","0.731","0.087",".371",".243",".365",".300",".293",".123","4","1","88.8","8.8",31.3,6.3
"Smith, Will",669257,2025,,,,,,,,,,,,".296",".497",".404","0.901","0.201",".345",".269",".496",".382",".378",".227","61","5","91.3","18.4",41.7,12.2
"Goodman, Hunter",696100,2025,,,,,,,,,,,,".278",".520",".323","0.843","0.242",".331",".242",".463",".290",".322",".221","91","4","90.8","17.3",32.8,12.9
"Williams, Carson",700246,2025,,,,,,,,,,,,".172",".354",".219","0.573","0.182",".240",".169",".313",".217",".233",".144","12","0","85.9","8",30.4,8.9
"Hinds, Rece",677956,2025,,,,,,,,,,,,".116",".279",".136","0.415","0.163",".150",".173",".395",".192",".247",".221","3","0","92.5","4",31.8,18.2
"Gilbert, Drew",687551,2025,,,,,,,,,,,,".190",".350",".248","0.598","0.160",".205",".214",".336",".272",".270",".123","13","1","86.6","11.3",35.8,4.9
"Mauricio, Ronny",677595,2025,,,,,,,,,,,,".226",".369",".293","0.662","0.143",".296",".218",".366",".287",".286",".148","10","1","91.2","12.7",28.1,8.9
"Quero, Edgar",700337,2025,,,,,,,,,,,,".268",".356",".333","0.689","0.088",".320",".236",".346",".304",".290",".110","36","4","90.4","6.8",35.1,3.7
"Adams, Jordyn",677941,2025,,,,,,,,,,,,".000",".000",".000","0.000","0.000",".000",".197",".335",".197",".224",".137","0","0","94.3","18.2",33.3,0
"Freeland, Alex",690976,2025,,,,,,,,,,,,".190",".310",".292","0.602","0.120",".298",".171",".299",".274",".260",".128","6","1","90.7","20.7",32,8
"Rogers, Trevor",669432,2025,,,,,,,,,,,,".000",".000",".000","0.000","0.000",".000",".000",".000",".000",".000",".000","0","0",,,,
"Millas, Drew",686452,2025,,,,,,,,,,,,".306",".449",".358","0.807","0.143",".357",".279",".352",".333",".305",".073","7","0","84.8","8.5",32.6,2.3
"Hernández, Enrique",571771,2025,,,,,,,,,,,,".203",".366",".255","0.621","0.163",".233",".221",".394",".273",".287",".173","35","0","90.3","16.3",32.9,9.5
"Bae, Ji Hwan",678225,2025,,,,,,,,,,,,".050",".050",".240","0.290","0.000",".091",".115",".278",".292",".268",".163","0","0","88.3","10.2",18.2,18.2
"Avans, Drew",682183,2025,,,,,,,,,,,,".118",".118",".111","0.229","0.000",".167",".150",".166",".159",".153",".016","1","0","84.7","1.4",25,0
"Huff, Sam",669087,2025,,,,,,,,,,,,".208",".340",".259","0.599","0.132",".333",".189",".306",".250",".253",".117","4","0","89.3","4.1",34.5,13.8
"Smith, Dominic",642086,2025,,,,,,,,,,,,".284",".417",".333","0.750","0.133",".329",".252",".398",".306",".306",".145","33","2","87.7","15.1",39.2,4.2
"Pozo, Yohel",650968,2025,,,,,,,,,,,,".231",".375",".262","0.637","0.144",".239",".246",".357",".277",".276",".111","19","0","87.7","17.8",29.5,2.2
"Betts, Mookie",605141,2025,,,,,,,,,,,,".258",".406",".326","0.732","0.148",".258",".267",".422",".335",".330",".156","82","3","89.1","18",37.7,5.5
"Anderson, Tim",641313,2025,,,,,,,,,,,,".205",".241",".258","0.499","0.036",".315",".183",".243",".238",".219",".060","3","3","88.6","0.7",20,0
"Haggerty, Sam",664059,2025,,,,,,,,,,,,".253",".370",".328","0.698","0.117",".317",".249",".362",".325",".304",".114","13","2","88.3","7",34.9,2.4
"Bañuelos, David",675915,2025,,,,,,,,,,,,".000",".000",".500","0.500","0.000",".000",".000",".000",".500",".361",".000","0","1",,,,
"Campusano, Luis",669134,2025,,,,,,,,,,,,".000",".000",".222","0.222","0.000",".000",".076",".089",".281",".208",".014","0","0","87.8","-16",0,0
"Heyward, Jason",518792,2025,,,,,,,,,,,,".176",".271",".223","0.494","0.095",".197",".201",".291",".251",".245",".090","12","0","85.1","11.5",22.1,4.5
"Nootbaar, Lars",663457,2025,,,,,,,,,,,,".234",".361",".325","0.686","0.127",".279",".231",".400",".323",".317",".169","48","6","91.3","16.5",33,10.2
"Muncy, Max",691777,2025,,,,,,,,,,,,".214",".379",".259","0.638","0.165",".269",".203",".353",".252",".267",".150","23","3","87.1","9.3",33.8,10.1
"Henderson, Gunnar",683002,2025,,,,,,,,,,,,".274",".438",".349","0.787","0.164",".329",".276",".425",".354",".341",".149","68","7","92.1","9.5",29.9,8.6
"Conine, Griffin",665052,2025,,,,,,,,,,,,".253",".418",".314","0.732","0.165",".346",".228",".383",".291",".295",".155","8","0","90.9","8",33.3,14.8
"Yelich, Christian",592885,2025,,,,,,,,,,,,".264",".452",".343","0.795","0.188",".323",".245",".439",".327",".330",".194","103","6","90.2","1.9",31.2,10.3
"McGuire, Reese",624512,2025,,,,,,,,,,,,".226",".444",".245","0.689","0.218",".212",".208",".359",".230",".254",".152","24","0","85.1","15.7",31.2,9.2
"Barrero, José",676480,2025,,,,,,,,,,,,".138",".276",".194","0.470","0.138",".158",".125",".214",".181",".180",".089","3","1","83.6","28",25,5
"Shaw, Matt",807713,2025,,,,,,,,,,,,".226",".394",".295","0.689","0.168",".262",".237",".375",".307",".302",".138","44","2","84.9","13.4",35.3,7
"Verdugo, Alex",657077,2025,,,,,,,,,,,,".239",".289",".296","0.585","0.050",".283",".266",".369",".322",".306",".103","12","2","89.9","9.9",34.9,3
"Lopez, Nicky",670032,2025,,,,,,,,,,,,".042",".042",".179","0.221","0.000",".050",".176",".199",".294",".240",".023","1","0","84.8","-5.5",15,0
"Tucker, Kyle",663656,2025,,,,,,,,,,,,".266",".464",".377","0.841","0.198",".282",".270",".483",".381",".372",".213","73","4","90.1","17.2",37.5,10.8
"Báez, Javier",595879,2025,,,,,,,,,,,,".257",".399",".283","0.682","0.142",".318",".230",".359",".260",".271",".129","57","6","88.2","11.4",30.2,5.5
"García, Adolis",666969,2025,,,,,,,,,,,,".227",".394",".271","0.665","0.167",".267",".232",".427",".278",".304",".195","75","5","92.1","16.3",33.2,11.6
"Baldwin, Drake",686948,2025,,,,,,,,,,,,".274",".469",".341","0.810","0.195",".289",".272",".480",".339",".353",".208","80","3","91.7","6.5",33.8,11
"Altuve, Jose",514888,2025,,,,,,,,,,,,".265",".442",".329","0.771","0.177",".283",".237",".384",".305",".300",".147","77","4","85.1","17.7",29.8,6.2
"Reynolds, Bryan",668804,2025,,,,,,,,,,,,".245",".402",".318","0.720","0.157",".319",".259",".447",".331",".338",".189","73","7","91.2","7.3",38.4,10.1
"Schneider, Davis",676914,2025,,,,,,,,,,,,".234",".436",".361","0.797","0.202",".280",".188",".409",".324",".323",".221","31","2","90.8","24.2",27.9,14
"Morel, Christopher",666624,2025,,,,,,,,,,,,".219",".396",".289","0.685","0.177",".316",".213",".420",".283",".304",".207","33","2","91.8","17",33.7,14.8
"Jones, Greg",675659,2025,,,,,,,,,,,,".000",".000",".000","0.000","0.000",".000",".000",".000",".000",".000",".000","0","0",,,,
"Hays, Austin",669720,2025,,,,,,,,,,,,".266",".453",".315","0.768","0.187",".326",".234",".403",".290",".300",".169","64","1","88.8","14.6",31.9,10.5
"Bohm, Alec",664761,2025,,,,,,,,,,,,".287",".409",".331","0.740","0.122",".324",".275",".413",".325",".324",".139","59","5","90.8","6.8",35.6,6.2
"Carlson, Dylan",666185,2025,,,,,,,,,,,,".203",".336",".278","0.614","0.133",".241",".214",".357",".288",".285",".144","20","2","88.4","16.7",34.8,6.7
"Alexander, Tyler",641302,2025,,,,,,,,,,,,".000",".000",".000","0.000","0.000",".000",".053",".066",".053",".055",".013","0","0","93.6","-34.7",0,0
"Mangum, Jake",663968,2025,,,,,,,,,,,,".296",".368",".330","0.698","0.072",".345",".251",".336",".288",".276",".085","40","2","87.3","-0.7",26.5,2.7
"Haase, Eric",606992,2025,,,,,,,,,,,,".229",".357",".289","0.646","0.128",".378",".206",".347",".269",".273",".141","9","2","83","5.4",30,10
"Teodosio, Bryce",669326,2025,,,,,,,,,,,,".203",".304",".248","0.552","0.101",".293",".185",".259",".233",".222",".075","7","4","84.3","12.9",23.4,4.3
"Feduccia, Hunter",676439,2025,,,,,,,,,,,,".148",".205",".267","0.472","0.057",".213",".188",".281",".307",".275",".094","8","0","87.6","16.3",31.1,8.2
"McNeil, Jeff",643446,2025,,,,,,,,,,,,".243",".411",".335","0.746","0.168",".253",".266",".395",".355",".330",".130","54","8","87.2","15.9",38.9,5.1
"Acosta, Maximo",691185,2025,,,,,,,,,,,,".204",".389",".295","0.684","0.185",".235",".248",".473",".334",".349",".225","5","1","93.5","9.9",37.8,13.5
"Ballesteros, Moisés",694208,2025,,,,,,,,,,,,".298",".474",".394","0.868","0.176",".349",".262",".407",".363",".334",".145","11","0","89.1","0.9",31.1,6.7
"Naylor, Josh",647304,2025,,,,,,,,,,,,".295",".462",".353","0.815","0.167",".315",".271",".436",".335",".335",".166","92","4","89.2","11.6",30.8,6.7
"Holliday, Jackson",702616,2025,,,,,,,,,,,,".242",".375",".314","0.689","0.133",".291",".241",".404",".313",".314",".163","55","6","88.8","8.9",32.4,7.8
"Williamson, Ben",810938,2025,,,,,,,,,,,,".253",".310",".294","0.604","0.057",".325",".241",".322",".283",".269",".081","21","1","88.3","3.1",23.3,3.3
"Siani, Michael",672279,2025,,,,,,,,,,,,".235",".235",".316","0.551","0.000",".400",".280",".312",".360",".312",".032","0","0","79.8","18",30,0
"Teel, Kyle",691019,2025,,,,,,,,,,,,".273",".411",".375","0.786","0.138",".361",".237",".416",".345",".337",".179","35","5","88.3","14.4",47.8,9.6
"Call, Alex",669743,2025,,,,,,,,,,,,".267",".385",".361","0.746","0.118",".313",".243",".369",".344",".321",".126","31","6","88.2","12.4",32.4,4.5
"Gelof, Zack",680869,2025,,,,,,,,,,,,".174",".272",".230","0.502","0.098",".311",".143",".299",".202",".219",".155","7","0","88.1","15.2",35.4,12.5
"Yoshida, Masataka",807799,2025,,,,,,,,,,,,".266",".388",".307","0.695","0.122",".280",".270",".384",".317",".314",".115","26","3","90.2","5.7",29.2,6.6
"Kieboom, Carter",666198,2025,,,,,,,,,,,,".250",".250",".250","0.500","0.000",".286",".244",".302",".244",".243",".058","1","0","80.7","13.1",14.3,0
"Gonzales, Nick",693304,2025,,,,,,,,,,,,".260",".362",".299","0.661","0.102",".306",".254",".368",".295",".291",".114","30","2","88.8","9.1",31.7,4.5
"Espinal, Santiago",669289,2025,,,,,,,,,,,,".243",".282",".292","0.574","0.039",".275",".229",".287",".280",".254",".059","16","1","86.5","15.1",31.3,0.7
"Lee, Jung Hoo",808982,2025,,,,,,,,,,,,".266",".407",".327","0.734","0.141",".291",".277",".385",".339",".321",".108","55","6","87.1","9.9",34.1,3.7
"Mayo, Coby",691723,2025,,,,,,,,,,,,".217",".388",".299","0.687","0.171",".274",".202",".363",".287",".289",".160","28","4","87.3","20.7",33,10.1
"Marsh, Brandon",669016,2025,,,,,,,,,,,,".280",".443",".342","0.785","0.163",".363",".263",".432",".328",".330",".169","43","0","91.1","12.6",39.1,8.4
"Norby, Connor",681393,2025,,,,,,,,,,,,".251",".389",".300","0.689","0.138",".324",".241",".417",".292",".307",".176","34","5","88.3","15.9",42,9.4
"Chaparro, Andrés",665953,2025,,,,,,,,,,,,".182",".258",".247","0.505","0.076",".250",".178",".311",".247",".251",".133","5","1","86","16.5",35.6,11.1
"Ahmed, Nick",605113,2025,,,,,,,,,,,,".000",".000",".100","0.100","0.000",".000",".157",".177",".242",".201",".020","0","0","83.4","13.2",16.7,0
"Fitzgerald, Ryan",680837,2025,,,,,,,,,,,,".196",".457",".302","0.759","0.261",".147",".224",".464",".328",".343",".240","9","0","89.1","16.6",23.7,13.5
"Ogasawara, Shinnosuke",829272,2025,,,,,,,,,,,,".000",".000",".000","0.000","0.000",".000",".000",".000",".000",".000",".000","0","0",,,,
"Campero, Gustavo",672569,2025,,,,,,,,,,,,".172",".345",".273","0.618","0.173",".171",".239",".399",".331",".325",".159","8","3","85.3","14.2",27.3,6.8
"Carroll, Corbin",682998,2025,,,,,,,,,,,,".259",".541",".343","0.884","0.282",".299",".262",".529",".348",".372",".267","84","7","92.1","16.7",33.5,14.5
"Schanuel, Nolan",694384,2025,,,,,,,,,,,,".264",".389",".353","0.742","0.125",".286",".262",".388",".352",".327",".126","53","10","87.5","13.2",38,4.5
"Martínez, Angel",682657,2025,,,,,,,,,,,,".224",".359",".269","0.628","0.135",".271",".215",".313",".262",".255",".099","45","6","87.1","18.4",32.2,3.5
"Greene, Riley",682985,2025,,,,,,,,,,,,".258",".493",".313","0.806","0.235",".323",".236",".491",".293",".332",".255","111","4","89.9","15",36.9,17.1
"Harris, Dustin",687957,2025,,,,,,,,,,,,".200",".350",".256","0.606","0.150",".269",".186",".275",".243",".231",".089","2","0","86.9","16.1",37,3.7
"De La Cruz, Elly",682829,2025,,,,,,,,,,,,".264",".440",".336","0.776","0.176",".337",".251",".424",".325",".322",".173","86","2","91","7.6",32.5,10.3
"Matthews, Brice",694728,2025,,,,,,,,,,,,".167",".452",".222","0.674","0.285",".167",".178",".462",".234",".294",".284","9","1","88.6","14.4",41.7,26.1
"Sabol, Blake",666165,2025,,,,,,,,,,,,".125",".188",".167","0.355","0.063",".200",".151",".175",".214",".208",".024","1","0","87.8","4",20,10
"Devanney, Cam",687478,2025,,,,,,,,,,,,".139",".167",".184","0.351","0.028",".333",".137",".241",".183",".188",".104","1","0","90.4","27.4",33.3,6.7
"Robles, Victor",645302,2025,,,,,,,,,,,,".245",".330",".281","0.611","0.085",".309",".203",".292",".242",".237",".089","9","3","85.4","6.8",28,4.9
"Miranda, Jose F",669304,2025,,,,,,,,,,,,".167",".250",".167","0.417","0.083",".227",".203",".268",".203",".205",".065","5","0","88.5","6.6",26.1,4.3
"Robert Jr., Luis",673357,2025,,,,,,,,,,,,".223",".364",".297","0.661","0.141",".274",".246",".426",".319",".321",".180","53","2","89.4","18.2",34.7,10.3
"Kingery, Scott",664068,2025,,,,,,,,,,,,".148",".185",".207","0.392","0.037",".250",".155",".206",".213",".196",".051","0","0","86.1","9.1",12.5,6.3
"Ozuna, Marcell",542303,2025,,,,,,,,,,,,".232",".400",".355","0.755","0.168",".280",".239",".448",".362",".354",".209","68","3","89.9","14.1",35.1,11.5
"Arenado, Nolan",571448,2025,,,,,,,,,,,,".237",".377",".289","0.666","0.140",".241",".245",".366",".298",".289",".122","52","3","86.8","19",31.5,4
"Soto, Juan",665742,2025,,,,,,,,,,,,".263",".525",".396","0.921","0.262",".270",".288",".608",".417",".429",".321","105","3","93.8","12",32.9,18.2
"Perez, Salvador",521692,2025,,,,,,,,,,,,".236",".446",".284","0.730","0.210",".251",".269",".534",".314",".357",".266","100","12","90","18.1",35.7,14.8
"Santana, Carlos",467793,2025,,,,,,,,,,,,".219",".325",".308","0.633","0.106",".252",".216",".346",".306",".290",".130","54","3","87.6","16.7",31.1,4.9
"León, Sandy",506702,2025,,,,,,,,,,,,".083",".333",".083","0.416","0.250",".000",".090",".302",".090",".159",".212","3","0","91.3","18.5",0,0
"Sosa, Edmundo",624641,2025,,,,,,,,,,,,".276",".469",".307","0.776","0.193",".315",".245",".391",".279",".290",".146","39","2","87.7","9.4",35.4,6.3
"Scott II, Victor",687363,2025,,,,,,,,,,,,".216",".296",".305","0.601","0.080",".284",".225",".313",".314",".287",".087","37","10","86.1","15.2",36,3.7
"Montgomery, Colson",695657,2025,,,,,,,,,,,,".239",".529",".311","0.840","0.290",".263",".230",".501",".303",".341",".271","55","2","89.4","18",35.8,14.5
"Kaiser, Connor",663731,2025,,,,,,,,,,,,".111",".167",".158","0.325","0.056",".154",".184",".317",".227",".239",".134","2","0","82.1","29.5",38.5,7.7
"Renfroe, Hunter",592669,2025,,,,,,,,,,,,".182",".242",".241","0.483","0.060",".228",".193",".319",".254",".257",".126","4","0","88.5","17",24.1,6.3
"Kelly, Carson",608348,2025,,,,,,,,,,,,".249",".428",".333","0.761","0.179",".272",".236",".411",".322",".321",".175","50","3","88.8","16.4",34.8,9.6
"Stefanic, Michael",683021,2025,,,,,,,,,,,,".182",".182",".280","0.462","0.000",".211",".216",".312",".310",".283",".096","0","0","90.7","10.6",21.1,5.3
"Trevino, Jose",624431,2025,,,,,,,,,,,,".238",".351",".272","0.623","0.113",".259",".242",".355",".279",".278",".113","22","0","87.9","10.9",29,4.5
"Fortes, Nick",663743,2025,,,,,,,,,,,,".229",".349",".296","0.645","0.120",".269",".215",".322",".282",".270",".107","21","7","87.5","13.4",29.9,4.6
"Peguero, Liover",678894,2025,,,,,,,,,,,,".200",".362",".273","0.635","0.162",".235",".177",".295",".251",".246",".119","8","2","85.7","6.5",21.8,9.1
"Arias, Gabriel",672356,2025,,,,,,,,,,,,".220",".363",".274","0.637","0.143",".319",".214",".385",".272",".286",".171","54","7","90.2","6.1",33.8,11.3
"Freeman, Freddie",518692,2025,,,,,,,,,,,,".295",".502",".367","0.869","0.207",".342",".268",".467",".345",".350",".200","90","6","90.9","14.3",36.7,10.4
"Slater, Austin",596103,2025,,,,,,,,,,,,".216",".372",".270","0.642","0.156",".293",".247",".476",".299",".332",".229","13","0","92","7.7",41.8,14.7
"Santander, Anthony",623993,2025,,,,,,,,,,,,".175",".294",".271","0.565","0.119",".219",".188",".301",".286",".265",".113","18","1","89.6","18.5",27.6,4.5
"Gonzalez, Romy",663853,2025,,,,,,,,,,,,".305",".483",".343","0.826","0.178",".378",".276",".480",".320",".344",".204","53","3","93.3","5.5",33.5,12.6
"Frelick, Sal",686217,2025,,,,,,,,,,,,".288",".405",".351","0.756","0.117",".317",".255",".339",".324",".299",".084","63","7","85.5","12.1",30.7,3.1
"Smith, Cam",701358,2025,,,,,,,,,,,,".236",".358",".312","0.670","0.122",".320",".235",".376",".312",".304",".141","51","7","87.9","8.9",34.6,6.9
"Jeffers, Ryan",680777,2025,,,,,,,,,,,,".266",".397",".356","0.753","0.131",".322",".243",".400",".336",".325",".157","47","7","89.3","15",33.5,6.3
"Gurriel, Yuli",493329,2025,,,,,,,,,,,,".111",".139",".200","0.339","0.028",".143",".133",".174",".222",".190",".041","3","0","85.1","22.4",14.3,0
"Alcántara, Sergio",642727,2025,,,,,,,,,,,,".000",".000",".000","0.000","0.000",".000",".047",".066",".047",".050",".018","0","0","84.2","20.6",0,0
"Casas, Triston",671213,2025,,,,,,,,,,,,".182",".303",".277","0.580","0.121",".217",".212",".409",".303",".304",".197","11","2","87.6","15.1",34.7,9.7
"Harris, Brett",695391,2025,,,,,,,,,,,,".274",".342",".349","0.691","0.068",".377",".235",".306",".321",".288",".071","5","2","83.3","9.5",27.8,3.7
"Melton, Jacob",689200,2025,,,,,,,,,,,,".157",".186",".234","0.420","0.029",".268",".177",".275",".252",".240",".098","7","1","88.1","-5.7",19.5,4.9
"Clarke, Denzel",672016,2025,,,,,,,,,,,,".230",".372",".274","0.646","0.142",".369",".200",".322",".246",".250",".122","8","3","90","4.1",29.2,6.7
"Rivero, Sebastián",665861,2025,,,,,,,,,,,,".182",".242",".206","0.448","0.060",".250",".168",".278",".193",".204",".110","2","0","86.9","15.3",41.7,8.3
"Adames, Willy",642715,2025,,,,,,,,,,,,".225",".421",".318","0.739","0.196",".263",".224",".435",".319",".327",".211","87","5","88.9","21.1",35.6,12.6
"Vázquez, Christian",543877,2025,,,,,,,,,,,,".189",".274",".271","0.545","0.085",".214",".210",".307",".291",".271",".097","14","4","85.9","15.3",35.7,3.8
"Jung, Jace",690291,2025,,,,,,,,,,,,".106",".106",".236","0.342","0.000",".161",".162",".217",".284",".241",".055","3","1","88.3","13.3",29,3.2
"Profar, Jurickson",595777,2025,,,,,,,,,,,,".245",".434",".353","0.787","0.189",".261",".230",".390",".341",".325",".160","43","5","89","20",27,7.4
"McCoy, Mason",669200,2025,,,,,,,,,,,,".136",".182",".269","0.451","0.046",".200",".162",".347",".291",".287",".185","1","1","82.9","11.1",46.7,13.3
"Amador, Adael",691182,2025,,,,,,,,,,,,".177",".265",".256","0.521","0.088",".224",".218",".299",".294",".269",".081","10","1","84.8","15.2",30.3,3.4
"Acuña, Luisangel",682668,2025,,,,,,,,,,,,".234",".274",".293","0.567","0.040",".295",".235",".299",".296",".271",".063","8","2","87.9","3.4",29.8,1.4
"Rivas, Leo",660844,2025,,,,,,,,,,,,".244",".333",".387","0.720","0.089",".313",".183",".266",".337",".288",".084","9","1","86.3","13.1",33.3,3
"Johnson, Daniel",669288,2025,,,,,,,,,,,,".189",".302",".246","0.548","0.113",".231",".237",".414",".290",".305",".178","1","0","89.3","13.9",30,12.5
"Raley, Luke",670042,2025,,,,,,,,,,,,".202",".311",".319","0.630","0.109",".284",".209",".358",".327",".312",".149","19","13","89.5","9.8",31.7,10.6
"Abreu, Wilyer",677800,2025,,,,,,,,,,,,".247",".469",".317","0.786","0.222",".277",".243",".475",".315",".335",".232","69","0","90.8","23",31.9,12.3
"France, Ty",664034,2025,,,,,,,,,,,,".257",".360",".320","0.680","0.103",".300",".259",".425",".325",".328",".166","52","21","89.5","10.5",35.2,7.7
"Newman, Kevin",621028,2025,,,,,,,,,,,,".202",".272",".209","0.481","0.070",".236",".211",".283",".218",".218",".072","11","0","86.6","9.2",28.3,2.2
"Murphy, Sean",669221,2025,,,,,,,,,,,,".199",".409",".300","0.709","0.210",".243",".201",".408",".306",".314",".207","45","8","89.1","10.6",30.2,13.4
"Chapman, Matt",656305,2025,,,,,,,,,,,,".231",".430",".340","0.770","0.199",".270",".243",".417",".352",".340",".174","61","6","92.2","15.7",34,9.9
"Guerrero Jr., Vladimir",665489,2025,,,,,,,,,,,,".292",".467",".381","0.848","0.175",".313",".300",".506",".390",".384",".206","84","6","92","7.8",33.7,12.2
"Gorski, Matt",685301,2025,,,,,,,,,,,,".195",".390",".214","0.604","0.195",".261",".194",".379",".213",".253",".185","4","0","85.3","8.4",32,12
"Corona, Kenedy",685744,2025,,,,,,,,,,,,".000",".000",".500","0.500","0.000",".000",".035",".035",".518",".362",".001","0","0","92.4","-21.1",0,0
"Bride, Jonah",681146,2025,,,,,,,,,,,,".170",".188",".248","0.436","0.018",".257",".176",".236",".254",".223",".060","5","1","87.3","11.4",28.4,2.7
"Romo, Drew",691011,2025,,,,,,,,,,,,".000",".000",".000","0.000","0.000",".000",".000",".000",".000",".000",".000","0","0",,,,
"Dean, Justin",681909,2025,,,,,,,,,,,,".000",".000",".000","0.000","0.000",".000",".036",".037",".036",".035",".002","0","0","80.4","-39.4",0,0
"Kim, Ha-Seong",673490,2025,,,,,,,,,,,,".234",".345",".304","0.649","0.111",".271",".242",".356",".312",".297",".114","17","2","89.7","15.7",33.6,5.2
"Wilson, Will",669717,2025,,,,,,,,,,,,".192",".244",".267","0.511","0.052",".341",".154",".242",".233",".219",".089","2","1","87.6","22",28.6,2
"Devers, Rafael",646240,2025,,,,,,,,,,,,".252",".479",".372","0.851","0.227",".307",".244",".487",".368",".367",".242","109","6","93.5","12.6",34.6,16
"Cameron, Daz",663662,2025,,,,,,,,,,,,".195",".293",".214","0.507","0.098",".259",".220",".376",".238",".263",".156","3","0","91.9","20.4",28.6,7.1
"Hedges, Austin",595978,2025,,,,,,,,,,,,".161",".277",".250","0.527","0.116",".183",".177",".284",".265",".249",".107","10","1","88.2","25.1",30.5,3.4
"Adams, Riley",656180,2025,,,,,,,,,,,,".186",".308",".252","0.560","0.122",".283",".208",".350",".272",".275",".142","24","5","91.8","9.1",31.4,10.5
"Story, Trevor",596115,2025,,,,,,,,,,,,".263",".433",".308","0.741","0.170",".330",".249",".421",".296",".311",".173","96","7","91.4","14.2",32.6,9.9
"Hummel, Cooper",669450,2025,,,,,,,,,,,,".170",".273",".298","0.571","0.103",".222",".196",".383",".320",".313",".187","7","2","92","11.3",31,12.1
"Marchán, Rafael",665561,2025,,,,,,,,,,,,".210",".305",".282","0.587","0.095",".230",".213",".293",".285",".261",".080","13","1","85.6","11.1",26.7,2.2
"Prieto, César",693409,2025,,,,,,,,,,,,".167",".167",".167","0.334","0.000","1.000",".000",".000",".000",".000",".000","0","0",,,0,
"Moore, Christian",695681,2025,,,,,,,,,,,,".198",".370",".284","0.654","0.172",".266",".203",".345",".289",".282",".142","16","1","88.9","14.6",38.2,6.9
"Fitzgerald, Tyler",666149,2025,,,,,,,,,,,,".217",".327",".278","0.605","0.110",".299",".192",".281",".256",".242",".089","14","2","84.5","17",30.5,4.5
"Misner, Kameron",670224,2025,,,,,,,,,,,,".213",".345",".273","0.618","0.132",".296",".194",".303",".256",".250",".109","22","1","87.6","15",27.5,5.3
"Leiter, Jack",683004,2025,,,,,,,,,,,,".000",".000",".000","0.000","0.000",".000",".000",".000",".000",".000",".000","0","0",,,,
"Rengifo, Luis",650859,2025,,,,,,,,,,,,".238",".335",".287","0.622","0.097",".281",".260",".375",".309",".302",".115","43","3","87.1","6.7",34.7,5
"Yastrzemski, Mike",573262,2025,,,,,,,,,,,,".233",".403",".333","0.736","0.170",".263",".237",".419",".338",".329",".182","46","2","90.8","20.4",35.6,8.5
"Urías, Luis",649966,2025,,,,,,,,,,,,".230",".338",".315","0.653","0.108",".245",".234",".346",".321",".300",".113","25","6","86.2","14.5",30.6,3.7
"Jiménez, Leo",677870,2025,,,,,,,,,,,,".069",".172",".129","0.301","0.103",".050",".186",".307",".238",".240",".122","1","0","92","8.4",22.7,9.1
"Buxton, Byron",621439,2025,,,,,,,,,,,,".264",".551",".327","0.878","0.287",".302",".249",".514",".315",".350",".266","83","7","92.5","17.7",32.9,17.7
"Andujar, Miguel",609280,2025,,,,,,,,,,,,".318",".470",".352","0.822","0.152",".348",".259",".383",".299",".298",".124","44","1","88","11",31.8,4.7
"Tromp, Chadwick",644433,2025,,,,,,,,,,,,".143",".333",".182","0.515","0.190",".143",".169",".277",".208",".213",".109","1","0","90.2","13.2",26.7,6.7
"Noda, Ryan",676116,2025,,,,,,,,,,,,".106",".170",".276","0.446","0.064",".190",".131",".247",".296",".245",".116","2","0","89.4","26.7",21.7,8.7
"Lee, Brooks",686797,2025,,,,,,,,,,,,".236",".370",".285","0.655","0.134",".258",".234",".374",".285",".289",".140","64","4","88.6","13.2",30.8,5.8
"Hayes, Ke'Bryan",663647,2025,,,,,,,,,,,,".235",".306",".290","0.596","0.071",".289",".238",".342",".295",".282",".104","49","5","89.3","8.5",30.6,4.6
"Winkler, Jack",676466,2025,,,,,,,,,,,,".250",".375",".250","0.625","0.125",".333",".171",".306",".171",".201",".135","0","0","86.8","5",41.7,8.3
"Hilliard, Sam",656541,2025,,,,,,,,,,,,".196",".412",".328","0.740","0.216",".308",".166",".372",".303",".301",".206","3","0","93.5","15.6",21.4,17.9
"Smith, Pavin",656976,2025,,,,,,,,,,,,".258",".434",".362","0.796","0.176",".377",".215",".398",".327",".319",".183","28","0","90.1","12.4",37,11.7
"Dunn, Blake",694362,2025,,,,,,,,,,,,".150",".233",".320","0.553","0.083",".235",".188",".287",".350",".304",".099","7","7","88.6","-0.3",25.7,8.6
"Langeliers, Shea",669127,2025,,,,,,,,,,,,".277",".537",".326","0.863","0.260",".290",".252",".464",".304",".329",".213","72","1","90.9","16.4",33.4,11.3
"Turang, Brice",668930,2025,,,,,,,,,,,,".288",".435",".359","0.794","0.147",".356",".262",".429",".338",".335",".167","81","2","91.1","8.6",35.1,8
"Wilson, Jacob",805779,2025,,,,,,,,,,,,".311",".444",".355","0.799","0.133",".317",".277",".364",".324",".304",".087","63","7","84.6","8.8",32.2,2.2
"Bleday, JJ",668709,2025,,,,,,,,,,,,".212",".404",".294","0.698","0.192",".251",".197",".345",".281",".276",".148","39","0","88.7","20.5",29.5,7.8
"Rea, Colin",607067,2025,,,,,,,,,,,,".000",".000",".000","0.000","0.000",".000",".000",".000",".000",".000",".000","0","0",,,,
"Baty, Brett",683146,2025,,,,,,,,,,,,".254",".435",".313","0.748","0.181",".304",".252",".457",".313",".334",".205","50","2","90.7","5.8",32.6,12.9
"Suárez, Eugenio",553993,2025,,,,,,,,,,,,".228",".526",".298","0.824","0.298",".243",".211",".463",".285",".320",".252","118","16","90.2","21.9",32.8,14.3
"Singleton, Jon",572138,2025,,,,,,,,,,,,".111",".111",".111","0.222","0.000",".125",".253",".397",".253",".279",".144","0","0","83.5","0.5",0,0
"Mayer, Marcelo",691785,2025,,,,,,,,,,,,".228",".402",".272","0.674","0.174",".301",".210",".348",".255",".263",".138","10","0","90","6.7",35.6,9.2
"Amaya, Jacob",676070,2025,,,,,,,,,,,,".106",".121",".139","0.260","0.015",".132",".174",".227",".208",".197",".053","8","0","88.5","12.4",22.2,0
"Carpenter, Kerry",681481,2025,,,,,,,,,,,,".252",".497",".291","0.788","0.245",".274",".252",".493",".294",".335",".241","62","7","91.4","21",37.4,12.6
"Bernabel, Warming",682653,2025,,,,,,,,,,,,".252",".410",".288","0.698","0.158",".282",".247",".337",".283",".273",".090","14","0","85.4","13.2",34.2,2.6
"Semien, Marcus",543760,2025,,,,,,,,,,,,".230",".364",".305","0.669","0.134",".251",".243",".395",".321",".318",".153","62","5","88.3","19.4",35.8,6.8
"Peraza, Oswald",672724,2025,,,,,,,,,,,,".164",".250",".223","0.473","0.086",".219",".194",".306",".252",".248",".112","20","2","87.1","8",29.7,6.7
"Freeman, Tyler",671289,2025,,,,,,,,,,,,".281",".361",".354","0.715","0.080",".317",".278",".367",".355",".325",".088","31","11","90.1","7.9",30.7,2.1
"Butler, Lawrence",671732,2025,,,,,,,,,,,,".234",".404",".306","0.710","0.170",".304",".229",".393",".301",".304",".164","63","0","90.5","9.2",34.4,9.2
"Yorke, Nick",694377,2025,,,,,,,,,,,,".232",".319",".264","0.583","0.087",".283",".234",".315",".266",".257",".081","8","0","85.6","10.5",25.9,1.9
"Stanton, Giancarlo",519317,2025,,,,,,,,,,,,".273",".594",".350","0.944","0.321",".338",".235",".520",".318",".354",".285","66","1","94.4","17.5",35.7,22.1
"Rodríguez, Johnathan",671286,2025,,,,,,,,,,,,".197",".366",".260","0.626","0.169",".255",".225",".356",".285",".282",".131","10","0","92.1","-1.9",28.6,6.1
"Pérez, Wenceel",672761,2025,,,,,,,,,,,,".244",".430",".308","0.738","0.186",".285",".242",".393",".309",".310",".152","43","3","90.3","18.4",37.8,8.8
"Tolbert, Tyler",686475,2025,,,,,,,,,,,,".280",".380",".321","0.701","0.100",".325",".260",".343",".318",".313",".083","6","3","88.3","11.3",40.5,2.4
"Ibáñez, Andy",628451,2025,,,,,,,,,,,,".239",".352",".301","0.653","0.113",".259",".254",".371",".315",".304",".117","21","4","88.9","12.6",32.5,4.6
"Dingler, Dillon",693307,2025,,,,,,,,,,,,".278",".425",".327","0.752","0.147",".345",".290",".475",".339",".351",".185","57","9","90","15.8",42.3,9.2
"Machín, Vimael",605353,2025,,,,,,,,,,,,".091",".364",".167","0.531","0.273",".000",".200",".388",".267",".286",".188","1","0","85.4","13.2",33.3,11.1
"Albies, Ozzie",645277,2025,,,,,,,,,,,,".240",".365",".306","0.671","0.125",".259",".243",".366",".310",".299",".123","74","4","87.5","18.7",33.5,4.9
"Stevenson, Cal",670276,2025,,,,,,,,,,,,".250",".250",".250","0.500","0.000",".333",".149",".214",".149",".152",".066","1","0","86.8","11.1",50,0
"Gonzalez, Oscar",660757,2025,,,,,,,,,,,,".220",".237",".246","0.483","0.017",".283",".266",".398",".290",".298",".132","4","0","89.1","2.5",34.8,6.5
"Valera, George",671655,2025,,,,,,,,,,,,".220",".415",".333","0.748","0.195",".269",".187",".278",".306",".272",".091","5","0","91.1","2.2",28.6,3.6
"Keith, Colt",690993,2025,,,,,,,,,,,,".256",".413",".333","0.746","0.157",".307",".257",".444",".337",".341",".187","45","2","90","13.3",41.1,9.2
"Clase, Jonatan",682729,2025,,,,,,,,,,,,".210",".300",".288","0.588","0.090",".271",".217",".341",".295",".284",".124","9","1","86","17.4",21.9,6.9
"Malloy, Justyn-Henry",669234,2025,,,,,,,,,,,,".221",".308",".346","0.654","0.087",".301",".201",".316",".330",".295",".116","17","1","86.9","20.5",33.8,4.1
"Bogaerts, Xander",593428,2025,,,,,,,,,,,,".263",".391",".328","0.719","0.128",".299",".267",".413",".336",".327",".146","53","4","89","11.1",36.7,6.9
"Jackson, Jeremiah",669236,2025,,,,,,,,,,,,".276",".447",".328","0.775","0.171",".365",".222",".393",".277",".291",".172","21","2","90.6","10.9",27.5,7.5
"Church, Nathan",701675,2025,,,,,,,,,,,,".179",".250",".254","0.504","0.071",".237",".193",".279",".267",".247",".085","8","3","89","5.4",24.4,2.4
"Manzardo, Kyle",700932,2025,,,,,,,,,,,,".234",".455",".313","0.768","0.221",".265",".224",".443",".305",".322",".220","70","8","90.3","21.3",37.1,11.8
"Keaschall, Luke",807712,2025,,,,,,,,,,,,".302",".445",".382","0.827","0.143",".340",".263",".378",".347",".324",".116","28","5","86.2","10.5",38.3,5.2
"Taylor, Tyrone",621438,2025,,,,,,,,,,,,".223",".319",".279","0.598","0.096",".286",".257",".364",".311",".298",".107","27","9","86.5","19.4",40.6,3.8
"Thomas, Rhylan",689041,2025,,,,,,,,,,,,".125",".250",".200","0.450","0.125",".111",".144",".162",".216",".179",".018","2","0","83.7","14.5",11.1,0
"Workman, Gage",669398,2025,,,,,,,,,,,,".188",".250",".235","0.485","0.062",".333",".248",".431",".292",".312",".183","2","0","89.8","18.9",44.4,11.1
"Hoskins, Rhys",656555,2025,,,,,,,,,,,,".237",".416",".332","0.748","0.179",".297",".220",".389",".322",".314",".169","43","5","90.2","22.1",39.7,10.3
"Rooker, Brent",667670,2025,,,,,,,,,,,,".262",".479",".335","0.814","0.217",".302",".261",".489",".334",".351",".228","89","5","90.7","16.4",39.7,13.7
"Kwan, Steven",680757,2025,,,,,,,,,,,,".272",".374",".330","0.704","0.102",".283",".273",".366",".334",".310",".093","56","3","86.2","15.6",39.7,1.9
"Duran, Jarren",680776,2025,,,,,,,,,,,,".256",".442",".332","0.774","0.186",".326",".248",".410",".327",".326",".162","84","12","91.8","12",34.5,9.7
"Correa, Carlos",621043,2025,,,,,,,,,,,,".276",".402",".332","0.734","0.126",".328",".280",".439",".337",".338",".159","52","1","90.5","7.3",34.6,6.9
"Busch, Michael",683737,2025,,,,,,,,,,,,".261",".523",".343","0.866","0.262",".292",".262",".548",".344",".378",".286","90","10","92.2","17",41.1,17.1
"Callihan, Tyler",682997,2025,,,,,,,,,,,,".167",".167",".167","0.334","0.000",".200",".202",".245",".202",".199",".042","1","0","89.8","5",20,0
"Fry, David",681807,2025,,,,,,,,,,,,".171",".363",".229","0.592","0.192",".212",".135",".256",".195",".202",".122","23","2","88.7","23",23.9,9.1
"Osuna, Alejandro",696030,2025,,,,,,,,,,,,".212",".278",".313","0.591","0.066",".256",".271",".390",".368",".338",".119","15","2","88.9","12",34.5,6
"Outman, James",681546,2025,,,,,,,,,,,,".134",".321",".216","0.537","0.187",".185",".158",".372",".238",".265",".214","11","2","88","18",28.2,16.9
"Pederson, Joc",592626,2025,,,,,,,,,,,,".181",".328",".285","0.613","0.147",".203",".219",".393",".319",".315",".174","26","5","91.2","16.9",28.4,9.5
"Lugo, Matthew",683090,2025,,,,,,,,,,,,".232",".464",".243","0.707","0.232",".293",".217",".379",".228",".260",".162","9","1","88.2","12.9",33.3,13.3
"Bailey, Patrick",672275,2025,,,,,,,,,,,,".222",".325",".277","0.602","0.103",".308",".210",".333",".266",".264",".123","55","3","88.2","15.6",35.3,5.6
"Refsnyder, Rob",608701,2025,,,,,,,,,,,,".269",".484",".354","0.838","0.215",".331",".243",".457",".331",".338",".214","30","1","92","12.1",34.6,12.3
"Torkelson, Spencer",679529,2025,,,,,,,,,,,,".240",".456",".333","0.789","0.216",".283",".226",".456",".322",".334",".230","78","9","90.2","23.1",39.3,13.5
"Hicks, Liam",689414,2025,,,,,,,,,,,,".247",".346",".346","0.692","0.099",".278",".244",".350",".346",".315",".106","45","9","84.6","10.6",39,3.6
"McCarthy, Jake",664983,2025,,,,,,,,,,,,".204",".345",".247","0.592","0.141",".233",".239",".374",".280",".286",".135","20","2","84.7","6.5",28.2,5.3
"Vázquez, Luis",676679,2025,,,,,,,,,,,,".160",".240",".208","0.448","0.080",".200",".220",".378",".265",".279",".157","3","0","89.6","7.2",38.9,11.1
"Ramírez, Agustín",682663,2025,,,,,,,,,,,,".231",".413",".287","0.700","0.182",".253",".259",".457",".315",".332",".198","67","8","90.8","8.3",31.1,11
"Jankowski, Travis",608671,2025,,,,,,,,,,,,".244",".289",".286","0.575","0.045",".324",".236",".267",".280",".248",".031","2","0","84.6","-0.4",22.9,0
"Caminero, Junior",691406,2025,,,,,,,,,,,,".264",".535",".311","0.846","0.271",".260",".255",".501",".307",".346",".246","110","3","92.4","10.7",27.7,14
"Maton, Nick",665155,2025,,,,,,,,,,,,".167",".315",".286","0.601","0.148",".212",".133",".250",".257",".236",".117","4","0","89","28.4",22.9,5.7
"Pages, Andy",681624,2025,,,,,,,,,,,,".272",".461",".313","0.774","0.189",".308",".258",".428",".301",".316",".170","86","8","88.6","16.9",38.9,8.4
"Torres, Gleyber",650402,2025,,,,,,,,,,,,".256",".387",".358","0.745","0.131",".284",".269",".462",".372",".363",".193","74","4","90","14.3",38.6,8.2
"Halpin, Petey",690984,2025,,,,,,,,,,,,".333",".333",".500","0.833","0.000",".500",".154",".168",".365",".279",".014","0","0","72","-12.4",0,0
"Toglia, Michael",669911,2025,,,,,,,,,,,,".190",".353",".258","0.611","0.163",".285",".199",".351",".268",".271",".152","32","1","89.9","17.7",38.1,10.4
"Thaiss, Matt",642136,2025,,,,,,,,,,,,".218",".288",".349","0.637","0.070",".300",".197",".299",".333",".294",".102","16","3","88.9","14.3",27.7,4.5
"Estrada, Thairo",642731,2025,,,,,,,,,,,,".253",".370",".285","0.655","0.117",".281",".233",".322",".269",".264",".089","21","2","86.3","7",28.2,3.1
"Peters, Tristan",671976,2025,,,,,,,,,,,,".000",".000",".000","0.000","0.000",".000",".150",".185",".150",".148",".035","0","0","86.8","26.7",40,0
"Crews, Dylan",686611,2025,,,,,,,,,,,,".208",".352",".280","0.632","0.144",".246",".235",".393",".304",".307",".158","27","5","89.7","8.5",26.7,9.8
"Realmuto, J.T.",592663,2025,,,,,,,,,,,,".257",".384",".315","0.699","0.127",".321",".253",".411",".313",".316",".158","52","9","90","11.1",36.7,8.8
"Seymour, Bob",676044,2025,,,,,,,,,,,,".205",".282",".253","0.535","0.077",".333",".200",".279",".248",".236",".079","5","1","89.5","11.9",23.9,0
"Loftin, Nick",679845,2025,,,,,,,,,,,,".208",".357",".278","0.635","0.149",".223",".232",".366",".301",".294",".134","20","3","88.2","14",35.4,6.3
"Stevens, Chad",677060,2025,,,,,,,,,,,,".154",".154",".154","0.308","0.000",".333",".178",".189",".178",".163",".012","0","0","82.2","5",28.6,0
"Bichette, Bo",666182,2025,,,,,,,,,,,,".311",".483",".357","0.840","0.172",".342",".295",".473",".344",".353",".179","94","3","91","8.2",37.9,7.9
"Machado, Manny",592518,2025,,,,,,,,,,,,".275",".460",".335","0.795","0.185",".307",".271",".495",".334",".355",".224","95","3","92.9","14.3",34.8,12.9
"Anthony, Roman",701350,2025,,,,,,,,,,,,".292",".463",".396","0.859","0.171",".404",".258",".484",".369",".372",".226","32","5","94.5","6.9",37.4,15.6
"Flores Jr., Rafael",804668,2025,,,,,,,,,,,,".200",".333",".294","0.627","0.133",".375",".257",".493",".345",".361",".236","0","0","94.8","14",62.5,12.5
"Adell, Jo",666176,2025,,,,,,,,,,,,".236",".485",".293","0.778","0.249",".257",".260",".549",".316",".365",".289","98","10","91.7","16.1",35.1,17.3
"Rodríguez, Endy",682848,2025,,,,,,,,,,,,".173",".250",".246","0.496","0.077",".237",".192",".290",".264",".249",".098","2","0","92.2","15.1",36.8,2.6
"Chisholm Jr., Jazz",665862,2025,,,,,,,,,,,,".242",".481",".332","0.813","0.239",".282",".234",".481",".325",".346",".247","80","6","89","15.8",32.6,15
"Villar, David",681584,2025,,,,,,,,,,,,".200",".250",".360","0.610","0.050",".267",".220",".356",".376",".337",".136","1","1","81.6","-0.1",26.7,6.7
"Hill, Derek",656537,2025,,,,,,,,,,,,".216",".328",".281","0.609","0.112",".313",".232",".416",".295",".309",".185","11","3","91.2","6.8",38.2,11.2
"Baker, Luken",663609,2025,,,,,,,,,,,,".235",".324",".366","0.690","0.089",".333",".217",".376",".351",".328",".159","2","0","94.6","22.1",25,8.3
"Stephenson, Tyler",663886,2025,,,,,,,,,,,,".231",".421",".316","0.737","0.190",".322",".216",".413",".306",".313",".197","50","2","90.5","12.9",42.2,14.5
"Higashioka, Kyle",543309,2025,,,,,,,,,,,,".241",".403",".291","0.694","0.162",".279",".233",".394",".284",".295",".161","47","2","88.9","17.2",39.1,8.6
"O'Hearn, Ryan",656811,2025,,,,,,,,,,,,".281",".437",".366","0.803","0.156",".330",".269",".429",".357",".343",".160","63","8","89.4","11.4",38.2,7.6
"Margot, Manuel",622534,2025,,,,,,,,,,,,".316",".316",".300","0.616","0.000",".429",".317",".355",".313",".301",".038","3","0","79.5","10.1",42.9,0
"Smith, Josh",669701,2025,,,,,,,,,,,,".251",".366",".335","0.701","0.115",".295",".247",".366",".332",".310",".119","35","8","87.2","12.7",33.8,5
"Monasterio, Andruw",655316,2025,,,,,,,,,,,,".270",".437",".319","0.756","0.167",".333",".224",".363",".276",".280",".139","16","2","87","20.8",43.6,5.3
"Frazier, Adam",624428,2025,,,,,,,,,,,,".267",".365",".319","0.684","0.098",".313",".244",".333",".298",".279",".090","44","8","85.3","14.5",39.5,2
"Biggio, Cavan",624415,2025,,,,,,,,,,,,".174",".246",".296","0.542","0.072",".234",".211",".342",".328",".303",".131","4","1","89.8","20.9",34,4
"Judge, Aaron",592450,2025,,,,,,,,,,,,".331",".688",".457","1.145","0.357",".376",".300",".708",".434",".460",".409","114","7","95.4","19",39.4,24.8
"Isbel, Kyle",664728,2025,,,,,,,,,,,,".255",".353",".301","0.654","0.098",".307",".220",".290",".269",".251",".070","33","2","87.8","8.7",26.5,1.6
"Robertson, Will",683770,2025,,,,,,,,,,,,".129",".143",".173","0.316","0.014",".205",".145",".218",".195",".188",".073","9","2","85","25.2",31.8,9.1
"Ortiz, Joey",687401,2025,,,,,,,,,,,,".230",".317",".276","0.593","0.087",".260",".245",".327",".290",".275",".082","45","3","84.9","13.3",27.4,3
"Ward, Taylor",621493,2025,,,,,,,,,,,,".228",".475",".317","0.792","0.247",".257",".231",".450",".320",".333",".219","103","3","90.1","18",34.9,13.7
"Burger, Jake",669394,2025,,,,,,,,,,,,".236",".419",".269","0.688","0.183",".272",".246",".478",".280",".324",".232","53","5","90.4","16.1",33.5,13.9
"Guillorme, Luis",641645,2025,,,,,,,,,,,,".150",".150",".190","0.340","0.000",".250",".244",".272",".282",".250",".028","0","0","88.1","5.2",33.3,0
"Palacios, Richie",680700,2025,,,,,,,,,,,,".333",".452",".396","0.848","0.119",".394",".315",".443",".380",".360",".127","3","0","89.9","10.6",41.2,5.9
"Tawa, Tim",694374,2025,,,,,,,,,,,,".201",".347",".274","0.621","0.146",".252",".206",".368",".284",".290",".162","18","1","89.2","6.8",31.4,9.3
"Fermin, Freddy",666023,2025,,,,,,,,,,,,".250",".338",".296","0.634","0.088",".301",".232",".335",".279",".270",".103","26","2","89.1","14.2",28.7,4.2
"García Jr., Luis",671277,2025,,,,,,,,,,,,".252",".412",".289","0.701","0.160",".270",".281",".470",".320",".339",".189","66","2","90.2","9.2",33.7,9
"Lowe, Nathaniel",663993,2025,,,,,,,,,,,,".228",".381",".307","0.688","0.153",".285",".229",".373",".311",".303",".145","84","2","89","10.9",33.4,7
"Knizner, Andrew",668800,2025,,,,,,,,,,,,".221",".299",".299","0.598","0.078",".239",".226",".309",".304",".278",".084","5","2","84.2","16",23.2,1.4
"Herrera, Jose",645444,2025,,,,,,,,,,,,".187",".259",".285","0.544","0.072",".242",".169",".225",".273",".237",".056","17","1","83.9","16.2",30.8,0.8
"Suwinski, Jack",669261,2025,,,,,,,,,,,,".147",".253",".281","0.534","0.106",".211",".195",".376",".322",".310",".181","10","4","88.8","16.7",35.5,11.8
"Kepler, Max",596146,2025,,,,,,,,,,,,".216",".391",".300","0.691","0.175",".232",".243",".443",".326",".332",".200","52","4","90.8","16.3",34,11.6
"Suzuki, Seiya",673548,2025,,,,,,,,,,,,".245",".478",".326","0.804","0.233",".282",".247",".493",".330",".352",".246","103","1","91.3","17.9",40.2,16.6
"Lewis, Royce",668904,2025,,,,,,,,,,,,".237",".388",".283","0.671","0.151",".267",".240",".400",".286",".297",".160","52","0","89.8","16.7",33.2,8.7
"Bart, Joey",663698,2025,,,,,,,,,,,,".249",".340",".355","0.695","0.091",".356",".222",".380",".332",".318",".159","30","7","88.4","9",35.9,10.4
"Allen, Nick",669397,2025,,,,,,,,,,,,".221",".251",".284","0.535","0.030",".298",".220",".267",".284",".252",".046","22","3","84.8","13.3",29.3,0
"Hernández, Teoscar",606192,2025,,,,,,,,,,,,".247",".454",".284","0.738","0.207",".283",".250",".455",".291",".323",".206","89","3","90.2","9.9",34,11.5
"Mervis, Matt",670223,2025,,,,,,,,,,,,".175",".383",".254","0.637","0.208",".219",".145",".266",".229",".223",".121","14","2","88.3","22.3",26.8,8.5
"Marte, Ketel",606466,2025,,,,,,,,,,,,".283",".517",".376","0.893","0.234",".290",".285",".534",".379",".390",".249","72","9","90.8","14.8",33,13.5
"Benson, Will",666181,2025,,,,,,,,,,,,".226",".435",".273","0.708","0.209",".255",".257",".496",".307",".342",".238","41","1","92.4","16.1",37.3,15.4
"Pauley, Graham",688363,2025,,,,,,,,,,,,".224",".366",".311","0.677","0.142",".262",".223",".343",".314",".299",".120","11","0","86.6","17.3",33.9,5.5
"Vargas, Ildemaro",545121,2025,,,,,,,,,,,,".270",".383",".292","0.675","0.113",".286",".262",".376",".284",".287",".114","19","2","89.2","3.3",26.5,3.9
"Fairchild, Stuart",656413,2025,,,,,,,,,,,,".216",".333",".273","0.606","0.117",".306",".194",".354",".252",".264",".160","2","0","88.1","24.4",22.2,13.9
"Azócar, José",640492,2025,,,,,,,,,,,,".263",".263",".333","0.596","0.000",".278",".321",".381",".385",".343",".060","1","0","86.4","7.1",44.4,0
"Nola, Austin",543592,2025,,,,,,,,,,,,".184",".211",".225","0.436","0.027",".212",".260",".320",".297",".275",".060","1","0","87.5","11",35.3,0
"Fraley, Jake",641584,2025,,,,,,,,,,,,".241",".382",".332","0.714","0.141",".294",".248",".369",".338",".315",".121","23","1","85.2","17.8",39.4,5
"Torrens, Luis",620443,2025,,,,,,,,,,,,".226",".345",".284","0.629","0.119",".270",".274",".454",".328",".338",".180","29","2","90.6","6.2",35.9,10.7
"Foscue, Justin",679822,2025,,,,,,,,,,,,".111",".222",".111","0.333","0.111",".167",".161",".279",".161",".189",".118","2","0","93","38.5",16.7,0
"Hoerner, Nico",663538,2025,,,,,,,,,,,,".297",".394",".345","0.739","0.097",".313",".292",".391",".341",".322",".099","61","7","86.7","12.5",36.1,2.4
"Vavra, Terrin",679631,2025,,,,,,,,,,,,".000",".000",".000","0.000","0.000",".000",".658",".729",".658",".600",".071","0","0","100.6","8.2",100,0
"Porter, Logan",682515,2025,,,,,,,,,,,,".143",".143",".333","0.476","0.000",".200",".051",".064",".262",".195",".012","1","1","89.4","15.3",0,0
"Kayfus, CJ",692216,2025,,,,,,,,,,,,".220",".415",".292","0.707","0.195",".280",".242",".427",".314",".322",".185","19","2","88.7","16.4",41.4,9.2
"Siri, Jose",642350,2025,,,,,,,,,,,,".063",".125",".167","0.292","0.062",".133",".094",".257",".194",".205",".163","1","0","84.9","33.3",33.3,20
"Mastrobuoni, Miles",670156,2025,,,,,,,,,,,,".250",".296",".324","0.620","0.046",".301",".275",".367",".347",".318",".092","12","0","88","6.2",33.3,2.3
"Schunk, Aaron",668845,2025,,,,,,,,,,,,".188",".219",".188","0.407","0.031",".273",".224",".306",".224",".229",".083","0","0","85.9","24.3",43.5,4.3
"Garcia, Maikel",672580,2025,,,,,,,,,,,,".286",".449",".351","0.800","0.163",".308",".276",".422",".343",".335",".146","74","1","91.3","9.7",34.5,5.6
"Trejo, Alan",676701,2025,,,,,,,,,,,,".175",".225",".190","0.415","0.050",".206",".206",".351",".221",".244",".146","1","0","87.9","16.1",17.1,8.6
"Navarreto, Brian",640459,2025,,,,,,,,,,,,".286",".643",".267","0.910","0.357",".273",".244",".482",".250",".327",".238","5","0","96.1","12.1",25,25
"Mead, Curtis",678554,2025,,,,,,,,,,,,".233",".321",".299","0.620","0.088",".303",".232",".350",".299",".289",".118","19","8","87.5","17.1",33.7,4.5
"Lowe, Brandon",664040,2025,,,,,,,,,,,,".256",".477",".307","0.784","0.221",".297",".253",".478",".307",".335",".224","83","2","91.1","15.2",37.6,13
"Alexander, Blaze",677942,2025,,,,,,,,,,,,".230",".383",".323","0.706","0.153",".333",".211",".374",".308",".305",".164","28","10","90.2","7.3",35.8,12.8
"Rave, John",670231,2025,,,,,,,,,,,,".196",".307",".283","0.590","0.111",".250",".228",".349",".315",".302",".122","14","1","88.3","8.4",25.5,5.5
"Pereda, Jhonny",640902,2025,,,,,,,,,,,,".246",".333",".325","0.658","0.087",".354",".194",".280",".277",".254",".087","4","0","89.1","6.6",26.5,4.1
"Dezenzo, Zach",701305,2025,,,,,,,,,,,,".245",".367",".321","0.688","0.122",".373",".225",".426",".303",".316",".201","10","0","89.3","17.5",42.6,16.4
"Walton, Donovan",622268,2025,,,,,,,,,,,,".125",".125",".125","0.250","0.000",".143",".290",".338",".290",".274",".048","1","0","92.6","-4",12.5,0
"Alvarez, Yordan",670541,2025,,,,,,,,,,,,".273",".430",".367","0.797","0.157",".295",".284",".549",".383",".393",".265","27","0","94.7","18.3",42.8,13.8
"Thomas, Colby",687515,2025,,,,,,,,,,,,".225",".417",".267","0.684","0.192",".309",".203",".379",".253",".278",".176","19","1","92.2","21.2",24,13.3
"Urías, Ramón",602104,2025,,,,,,,,,,,,".241",".384",".292","0.676","0.143",".281",".227",".375",".283",".289",".148","44","2","89.2","13.2",33.6,8.1
"Steer, Spencer",668715,2025,,,,,,,,,,,,".238",".411",".312","0.723","0.173",".277",".219",".361",".297",".293",".142","75","5","87.3","18.8",34.2,7.6
"Encarnacion, Jerar",666464,2025,,,,,,,,,,,,".200",".364",".214","0.578","0.164",".237",".256",".428",".269",".297",".173","7","0","90.8","4",37.5,5
"Maile, Luke",571912,2025,,,,,,,,,,,,".244",".356",".346","0.702","0.112",".357",".261",".408",".362",".342",".148","6","0","90.8","14",38.7,6.5
"Melendez, MJ",669004,2025,,,,,,,,,,,,".083",".167",".154","0.321","0.084",".111",".137",".261",".203",".208",".124","1","2","90.9","25",21.6,8.1
"India, Jonathan",663697,2025,,,,,,,,,,,,".233",".346",".323","0.669","0.113",".279",".238",".378",".329",".315",".140","45","13","87.9","17.1",33,5.8
"Contreras, William",661388,2025,,,,,,,,,,,,".260",".399",".355","0.754","0.139",".299",".248",".393",".348",".328",".145","76","3","91.1","7",31.6,6.4
"Soler, Jorge",624585,2025,,,,,,,,,,,,".215",".387",".293","0.680","0.172",".273",".204",".387",".285",".294",".183","34","4","89.7","13.8",31.9,12.8
"Fletcher, Dominic",666150,2025,,,,,,,,,,,,".219",".469",".265","0.734","0.250",".207",".248",".370",".292",".289",".122","2","0","89.1","15.8",23.3,3.3
"Hiura, Keston",669374,2025,,,,,,,,,,,,".222",".278",".333","0.611","0.056",".364",".161",".209",".281",".242",".048","1","3","81.1","21.5",36.4,0
"Garcia, Jhostynxon",691373,2025,,,,,,,,,,,,".143",".286",".333","0.619","0.143",".500",".216",".243",".390",".309",".027","0","0","91.8","11.2",100,0
"Hicklen, Brewer",676551,2025,,,,,,,,,,,,".667",".667",".750","1.417","0.000","1.000",".170",".407",".378",".353",".236","0","0","88.9","-6.7",50,50
"Sweeney, Trey",700242,2025,,,,,,,,,,,,".195",".290",".257","0.547","0.095",".257",".190",".294",".253",".244",".104","32","0","87.9","11.9",28.8,6.8
"Sánchez, Ali",645305,2025,,,,,,,,,,,,".217",".304",".217","0.521","0.087",".294",".214",".389",".214",".255",".175","0","0","88.3","15.1",35.3,17.6
"Hernández, Heriberto",681715,2025,,,,,,,,,,,,".266",".438",".347","0.785","0.172",".335",".245",".435",".331",".334",".190","45","3","90.2","14.2",29,11
"Díaz, Yandy",650490,2025,,,,,,,,,,,,".300",".482",".366","0.848","0.182",".318",".285",".459",".355",".353",".174","83","6","93","5",29.2,8.3
"Rice, Ben",700250,2025,,,,,,,,,,,,".255",".499",".337","0.836","0.244",".271",".280",".553",".362",".391",".273","65","9","93.3","14.2",39.3,15.4
"Lipscomb, Trey",702358,2025,,,,,,,,,,,,".500",".500",".500","1.000","0.000",".667",".138",".149",".138",".127",".011","0","0","90.8","-48.3",0,0
"Guzman, Denzer",694203,2025,,,,,,,,,,,,".190",".357",".209","0.566","0.167",".333",".168",".309",".188",".214",".140","3","0","86.5","25.8",25,15
"Bouchard, Sean",656248,2025,,,,,,,,,,,,".167",".242",".247","0.489","0.075",".263",".179",".232",".258",".227",".053","7","0","86.6","18.1",28.2,0
"Heim, Jonah",641680,2025,,,,,,,,,,,,".213",".332",".271","0.603","0.119",".243",".219",".346",".279",".276",".127","43","1","88.1","14.5",33.3,6.1
"Sheets, Gavin",657757,2025,,,,,,,,,,,,".252",".429",".317","0.746","0.177",".284",".263",".453",".331",".340",".190","71","5","89.9","14",38.8,9.6
"Crow-Armstrong, Pete",691718,2025,,,,,,,,,,,,".247",".481",".287","0.768","0.234",".276",".242",".475",".284",".321",".233","95","9","89.5","20",33.9,13.1
"Turner, Justin",457759,2025,,,,,,,,,,,,".219",".314",".288","0.602","0.095",".256",".237",".360",".308",".297",".124","18","1","88.3","17.9",38.2,3.7
"Acuña Jr., Ronald",660670,2025,,,,,,,,,,,,".290",".518",".417","0.935","0.228",".358",".263",".535",".396",".397",".272","42","3","92.7","13.3",30.9,15.7
"Joe, Connor",656582,2025,,,,,,,,,,,,".186",".243",".263","0.506","0.057",".250",".216",".328",".293",".276",".113","4","1","89.3","13.8",38.5,5.9
"Brantly, Rob",542963,2025,,,,,,,,,,,,".429",".429",".429","0.858","0.000",".500",".230",".262",".230",".217",".032","1","0","89.4","32",33.3,0
"Karros, Kyle",691720,2025,,,,,,,,,,,,".226",".277",".308","0.585","0.051",".309",".206",".262",".293",".258",".055","9","2","87.9","12.3",25.5,1
"Valdez, Enmanuel",665839,2025,,,,,,,,,,,,".209",".363",".294","0.657","0.154",".233",".254",".411",".334",".327",".158","12","0","89.8","15.7",37.3,8
"Barrosa, Jorge",678489,2025,,,,,,,,,,,,".141",".225",".169","0.394","0.084",".176",".165",".243",".194",".193",".077","7","1","87.8","7.7",26.9,0
"Wong, Connor",657136,2025,,,,,,,,,,,,".190",".238",".262","0.500","0.048",".250",".221",".295",".291",".266",".074","7","1","85.5","10.4",28.7,3.1
"Thomas, Lane",657041,2025,,,,,,,,,,,,".160",".272",".246","0.518","0.112",".203",".168",".272",".256",".243",".104","11","1","87.8","23.5",26.5,4.8
"Perdomo, Geraldo",672695,2025,,,,,,,,,,,,".290",".462",".389","0.851","0.172",".303",".278",".424",".381",".356",".146","100","10","87.6","15.5",36.2,6.2
"Abrams, CJ",682928,2025,,,,,,,,,,,,".257",".433",".315","0.748","0.176",".296",".245",".401",".305",".309",".156","60","14","88.7","13.3",34.4,7.6
"Wilson, Weston",642215,2025,,,,,,,,,,,,".198",".369",".282","0.651","0.171",".236",".251",".427",".329",".330",".176","17","1","89.4","14.4",38.5,10.3
"Grisham, Trent",663757,2025,,,,,,,,,,,,".235",".464",".348","0.812","0.229",".253",".248",".498",".359",".370",".250","74","4","91.1","16.4",34.6,14.2
"Fernández, Yanquiel",692585,2025,,,,,,,,,,,,".225",".348",".265","0.613","0.123",".297",".190",".309",".236",".243",".118","11","0","88.6","8",31.6,8.5
"Rogers, Jake",668670,2025,,,,,,,,,,,,".187",".333",".277","0.610","0.146",".241",".194",".321",".286",".274",".127","19","1","89.5","17.2",36.8,9.2
"Ritter, Ryan",690022,2025,,,,,,,,,,,,".241",".337",".296","0.633","0.096",".349",".211",".276",".270",".248",".066","18","5","85.2","7.4",30.5,1.5
"Wagner, Will",695238,2025,,,,,,,,,,,,".225",".279",".324","0.603","0.054",".287",".266",".340",".361",".318",".073","7","2","86.8","9.1",31.4,2
"Cheng, Tsung-Che",691907,2025,,,,,,,,,,,,".000",".000",".000","0.000","0.000",".000",".171",".221",".171",".170",".049","0","0","93.2","17.9",25,0
"Westburg, Jordan",676059,2025,,,,,,,,,,,,".265",".457",".313","0.770","0.192",".302",".253",".460",".301",".327",".207","41","6","90.2","14.1",30.1,11.2
"Happ, Ian",664023,2025,,,,,,,,,,,,".243",".420",".342","0.762","0.177",".287",".256",".457",".356",".354",".200","79","2","90","16.1",35.7,10.4
"Stowers, Kyle",669065,2025,,,,,,,,,,,,".288",".544",".368","0.912","0.256",".356",".265",".537",".349",".375",".272","73","5","91.1","14.1",38,19.1
"Straw, Myles",664702,2025,,,,,,,,,,,,".262",".367",".313","0.680","0.105",".308",".252",".365",".303",".295",".113","32","1","87.2","14.8",36.2,3.9
"Varsho, Daulton",662139,2025,,,,,,,,,,,,".238",".548",".284","0.832","0.310",".250",".226",".494",".279",".327",".267","55","1","89.9","23.5",36.9,15.9
"Pasquantino, Vinnie",686469,2025,,,,,,,,,,,,".264",".475",".323","0.798","0.211",".271",".259",".463",".319",".334",".205","113","7","90.9","16.3",33.5,10.8
"Iglesias, Jose",578428,2025,,,,,,,,,,,,".229",".294",".298","0.592","0.065",".269",".240",".313",".308",".281",".074","36","7","84","3.9",27,2
"Julks, Corey",667452,2025,,,,,,,,,,,,".250",".417",".231","0.648","0.167",".300",".103",".211",".118",".162",".108","1","0","85.5","10.9",50,0
"Kiner-Falefa, Isiah",643396,2025,,,,,,,,,,,,".262",".334",".297","0.631","0.072",".314",".245",".304",".281",".262",".059","40","5","84.6","4",29.7,1.4
"Dalbec, Bobby",666915,2025,,,,,,,,,,,,".222",".278",".333","0.611","0.056",".333",".168",".214",".292",".245",".046","1","0","84.6","22.7",25,0
"Cole, Zach",805904,2025,,,,,,,,,,,,".255",".553",".327","0.880","0.298",".348",".198",".431",".275",".305",".233","11","0","90.1","12.8",33.3,14.8
"McLain, Matt",680574,2025,,,,,,,,,,,,".220",".343",".300","0.643","0.123",".292",".212",".361",".294",".290",".149","50","5","88.8","16.3",34,7.8
"Brown, Seth",664913,2025,,,,,,,,,,,,".185",".262",".303","0.565","0.077",".268",".193",".344",".310",".295",".151","3","2","87.2","18.7",40.5,9.5
"Horwitz, Spencer",687462,2025,,,,,,,,,,,,".272",".434",".353","0.787","0.162",".313",".251",".407",".335",".326",".157","51","2","87.4","15.6",38.7,8.3
"Cook, Billy",695257,2025,,,,,,,,,,,,".333",".333",".333","0.666","0.000",".400",".396",".459",".396",".382",".063","0","0","81.6","26.4",0,0
"Sogard, Nick",686765,2025,,,,,,,,,,,,".260",".344",".317","0.661","0.084",".347",".251",".375",".308",".302",".124","9","3","86","11.6",36.1,5.6
"Harris II, Michael",671739,2025,,,,,,,,,,,,".249",".409",".268","0.677","0.160",".281",".268",".438",".291",".315",".169","86","3","90.2","7.4",29.6,9.1
"Roden, Alan",702176,2025,,,,,,,,,,,,".191",".294",".261","0.555","0.103",".240",".176",".242",".249",".227",".066","9","6","86.4","2.3",20.6,2
"LeMahieu, DJ",518934,2025,,,,,,,,,,,,".266",".336",".338","0.674","0.070",".352",".245",".338",".320",".295",".093","12","0","91.7","4.1",28,4.3
"Castellanos, Nick",592206,2025,,,,,,,,,,,,".250",".400",".294","0.694","0.150",".298",".242",".408",".290",".302",".165","72","4","87.8","15.2",39,7.6
"Alexander, CJ",680769,2025,,,,,,,,,,,,".176",".176",".176","0.352","0.000",".333",".188",".218",".188",".181",".030","0","0","81.7","24.5",22.2,0
"Barnhart, Tucker",571466,2025,,,,,,,,,,,,".231",".231",".333","0.564","0.000",".333",".150",".190",".263",".220",".040","0","1","85.4","-0.5",22.2,0
"Pagés, Pedro",686780,2025,,,,,,,,,,,,".230",".363",".272","0.635","0.133",".293",".208",".340",".253",".259",".132","45","3","88","12.4",32.7,7.4
"Paredes, Isaac",670623,2025,,,,,,,,,,,,".254",".458",".352","0.810","0.204",".268",".235",".380",".337",".320",".146","53","8","87.4","23",37.2,6.3
"Vivas, Jorbit",678391,2025,,,,,,,,,,,,".161",".250",".266","0.516","0.089",".190",".249",".331",".343",".308",".082","5","3","85.9","17.4",32.6,4.7
"Fulford, Braxton",690924,2025,,,,,,,,,,,,".213",".324",".267","0.591","0.111",".297",".198",".327",".258",".262",".128","16","2","87.3","19.8",30.7,5.3
"Taylor, Samad",669392,2025,,,,,,,,,,,,".125",".125",".125","0.250","0.000",".143",".187",".237",".187",".184",".050","0","0","75.7","9.9",37.5,0
"Mullins, Cedric",656775,2025,,,,,,,,,,,,".216",".391",".299","0.690","0.175",".253",".204",".336",".292",".282",".132","59","4","88.8","23.3",32.7,6.2
"Lowe, Josh",666139,2025,,,,,,,,,,,,".220",".366",".283","0.649","0.146",".273",".240",".370",".304",".298",".131","40","3","88.6","9.3",34.5,5.9
"Tauchman, Mike",643565,2025,,,,,,,,,,,,".263",".400",".356","0.756","0.137",".328",".244",".382",".339",".321",".139","40","4","89","16.5",35.6,6.8
"Duran, Ezequiel",677649,2025,,,,,,,,,,,,".224",".293",".266","0.559","0.069",".305",".214",".295",".258",".247",".081","14","4","85.3","15.2",30.3,2.6
"Reyes, Pablo",622569,2025,,,,,,,,,,,,".194",".226",".242","0.468","0.032",".286",".197",".276",".247",".236",".079","2","0","87.8","16.5",27.3,4.8
"Garcia, Aramis",605244,2025,,,,,,,,,,,,".000",".000",".000","0.000","0.000",".000",".041",".076",".041",".051",".036","0","0","91.3","23.1",100,0
"Gasper, Mickey",681508,2025,,,,,,,,,,,,".158",".232",".257","0.489","0.074",".176",".167",".241",".265",".236",".074","11","3","87.8","19.4",16.9,1.3
"d'Arnaud, Travis",518595,2025,,,,,,,,,,,,".197",".343",".255","0.598","0.146",".269",".192",".360",".252",".269",".168","21","4","88.2","17.9",34.3,11.4
"Clement, Ernie",676391,2025,,,,,,,,,,,,".277",".398",".313","0.711","0.121",".296",".260",".359",".299",".289",".100","50","4","86.6","17.9",37.1,2.4
"Perkins, Blake",663368,2025,,,,,,,,,,,,".226",".348",".298","0.646","0.122",".305",".223",".326",".296",".279",".103","19","1","89.6","6.2",30.6,3.7
"Giménez, Andrés",665926,2025,,,,,,,,,,,,".210",".313",".285","0.598","0.103",".239",".252",".361",".325",".308",".109","35","11","86.3","11",32.6,3
"Garver, Mitch",641598,2025,,,,,,,,,,,,".209",".343",".297","0.640","0.134",".262",".209",".371",".300",".298",".163","30","3","91.5","19.4",31.1,7.9
"McMahon, Ryan",641857,2025,,,,,,,,,,,,".214",".381",".312","0.693","0.167",".294",".219",".419",".318",".322",".201","53","4","93.3","13.9",35.3,12.1
"Toro, Abraham",647351,2025,,,,,,,,,,,,".239",".371",".289","0.660","0.132",".256",".253",".376",".309",".302",".123","27","6","86.3","13.4",32,4.5
"Lockridge, Brandon",663604,2025,,,,,,,,,,,,".231",".299",".276","0.575","0.068",".310",".233",".314",".282",".267",".081","11","1","87.1","2.3",26.2,2.9
"Sullivan, Brett",664954,2025,,,,,,,,,,,,".167",".167",".333","0.500","0.000",".250",".141",".368",".396",".374",".227","2","1","98","20.9",50,25
"Schmitt, Casey",669477,2025,,,,,,,,,,,,".237",".401",".305","0.706","0.164",".282",".256",".436",".323",".328",".180","40","5","89.5","19.2",40.3,9
"Diaz, Yainer",673237,2025,,,,,,,,,,,,".256",".417",".284","0.701","0.161",".277",".268",".465",".297",".326",".197","70","2","89.9","10.2",34.9,9.6